artist_id,artist_name,track_name,album_name,album_id,release_date,track_id,acousticness,danceability,duration,energy,instrumentalness,key,liveness,loudness,mode,speechiness,tempo,time_signature,valence,track_popularity,album_popularity
0k17h0D3J5VfsdmQ1iZtE9,Pink Floyd,Astronomy Domine,The Piper at the Gates of Dawn,2Se4ZylF9NkFGD92yv1aZC,1967-08-05,3Y8gNcoJu1uJ5L1BZuGvqB,0.3779999911785126,0.3479999899864197,4.187983333333333,0.6340000033378601,0.4740000069141388,2,0.3459999859333038,-11.527000427246094,1,0.0480000004172325,124.0790023803711,4,0.0803000032901763,48,52
0k17h0D3J5VfsdmQ1iZtE9,Pink Floyd,Lucifer Sam,The Piper at the Gates of Dawn,2Se4ZylF9NkFGD92yv1aZC,1967-08-05,0lT4imdjSzpCtooUccYAKj,0.5040000081062317,0.3490000069141388,3.123333333333333,0.7440000176429749,0.0001570000022184,7,0.2549999952316284,-11.550999641418455,1,0.0384000018239021,140.7779998779297,4,0.5490000247955322,48,52
0k17h0D3J5VfsdmQ1iZtE9,Pink Floyd,Matilda Mother,The Piper at the Gates of Dawn,2Se4ZylF9NkFGD92yv1aZC,1967-08-05,6SlI8JYwFaESqre47wrQZz,0.5410000085830688,0.2509999871253967,3.14155,0.4099999964237213,0.0004250000056345,4,0.1620000004768371,-10.619999885559082,1,0.0348999984562397,119.96700286865234,4,0.2820000052452087,44,52
0k17h0D3J5VfsdmQ1iZtE9,Pink Floyd,Flaming,The Piper at the Gates of Dawn,2Se4ZylF9NkFGD92yv1aZC,1967-08-05,4r74qNo5usVTNhBZwo1Hg6,0.3179999887943268,0.4009999930858612,2.767333333333333,0.5329999923706055,4.360000093583949e-05,9,0.1230000033974647,-10.347000122070312,1,0.033900000154972,130.53799438476562,3,0.3339999914169311,42,52
0k17h0D3J5VfsdmQ1iZtE9,Pink Floyd,Pow R. Toc H.,The Piper at the Gates of Dawn,2Se4ZylF9NkFGD92yv1aZC,1967-08-05,0X0SM0KFf88MFvvnJNmi6D,0.6320000290870667,0.4090000092983246,4.43845,0.4040000140666961,0.8619999885559082,2,0.375,-14.282999992370604,0,0.0419999994337558,121.50900268554688,4,0.5540000200271606,39,52
0k17h0D3J5VfsdmQ1iZtE9,Pink Floyd,Take Up Thy Stethoscope and Walk,The Piper at the Gates of Dawn,2Se4ZylF9NkFGD92yv1aZC,1967-08-05,6q3URBXG6Tr9pMU0bOlvrc,0.0441999994218349,0.3310000002384186,3.100883333333333,0.7749999761581421,0.0610000006854534,9,0.0698999986052513,-10.710000038146973,1,0.1169999986886978,151.2010040283203,4,0.6610000133514404,39,52
0k17h0D3J5VfsdmQ1iZtE9,Pink Floyd,Interstellar Overdrive,The Piper at the Gates of Dawn,2Se4ZylF9NkFGD92yv1aZC,1967-08-05,3xyTufSSGLP3oZnomceAVW,0.7670000195503235,0.2300000041723251,9.6786,0.7039999961853027,0.8700000047683716,2,0.1120000034570694,-10.975000381469728,1,0.0568999983370304,94.37100219726562,4,0.3089999854564667,46,52
0k17h0D3J5VfsdmQ1iZtE9,Pink Floyd,The Gnome,The Piper at the Gates of Dawn,2Se4ZylF9NkFGD92yv1aZC,1967-08-05,1GqRmuG89ILDLcuAdcli6r,0.6549999713897705,0.5339999794960022,2.23185,0.3529999852180481,0.0,2,0.0974999964237213,-12.26099967956543,1,0.0299999993294477,115.97799682617188,4,0.3709999918937683,41,52
0k17h0D3J5VfsdmQ1iZtE9,Pink Floyd,Chapter 24,The Piper at the Gates of Dawn,2Se4ZylF9NkFGD92yv1aZC,1967-08-05,0j9iv7tRpEpTGSGpkCMJve,0.7039999961853027,0.2360000014305114,3.707116666666667,0.3759999871253967,0.0008379999781027,2,0.0606000013649463,-10.897000312805176,1,0.0340999998152256,125.90299987792967,4,0.3420000076293945,38,52
0k17h0D3J5VfsdmQ1iZtE9,Pink Floyd,The Scarecrow,The Piper at the Gates of Dawn,2Se4ZylF9NkFGD92yv1aZC,1967-08-05,1aV8FeJiQpZXFY35rLNNu0,0.3849999904632568,0.5590000152587891,2.1877833333333334,0.3389999866485595,0.7820000052452087,2,0.0261000003665685,-13.581000328063965,1,0.061999998986721,155.14999389648438,3,0.9210000038146972,38,52
0k17h0D3J5VfsdmQ1iZtE9,Pink Floyd,Bike,The Piper at the Gates of Dawn,2Se4ZylF9NkFGD92yv1aZC,1967-08-05,4gJrRkskBk1oyooA4qm67a,0.8330000042915344,0.4180000126361847,3.3504,0.7850000262260437,1.0900000233959872e-05,7,0.7639999985694885,-10.586999893188477,1,0.1850000023841858,114.5199966430664,4,0.2329999953508377,42,52
0k17h0D3J5VfsdmQ1iZtE9,Pink Floyd,Let There Be More Light,A Saucerful of Secrets,2vnJKtGjZXRUg0mYPZ3HGH,1968-06-29,5xUz3xvyPPrNfnBrh9IOZa,0.6890000104904175,0.1599999964237213,5.612133333333333,0.6150000095367432,0.8610000014305115,0,0.152999997138977,-8.897000312805176,1,0.0357999987900257,77.39299774169922,4,0.3019999861717224,44,47
0k17h0D3J5VfsdmQ1iZtE9,Pink Floyd,Remember a Day,A Saucerful of Secrets,2vnJKtGjZXRUg0mYPZ3HGH,1968-06-29,2YcxeBmk9hvMH7RFFyqnIr,0.2300000041723251,0.3339999914169311,4.54755,0.6510000228881836,0.6309999823570251,11,0.0898000001907348,-11.734000205993652,0,0.0401999987661838,121.95500183105467,4,0.3409999907016754,42,47
0k17h0D3J5VfsdmQ1iZtE9,Pink Floyd,Set the Controls for the Heart of the Sun,A Saucerful of Secrets,2vnJKtGjZXRUg0mYPZ3HGH,1968-06-29,6p9UFDNfGrzS5Byd2r9KPk,0.6729999780654907,0.2980000078678131,5.46645,0.3269999921321869,0.9049999713897704,9,0.0785999968647956,-14.416999816894531,1,0.0485000014305114,130.57400512695312,4,0.3330000042915344,43,47
0k17h0D3J5VfsdmQ1iZtE9,Pink Floyd,Corporal Clegg,A Saucerful of Secrets,2vnJKtGjZXRUg0mYPZ3HGH,1968-06-29,0GML1aXwt0GJH8XRvcH7Fl,0.3179999887943268,0.202000007033348,4.20845,0.7459999918937683,0.0027300000656396,2,0.1379999965429306,-7.967000007629394,1,0.066100001335144,175.78500366210938,4,0.5289999842643738,39,47
0k17h0D3J5VfsdmQ1iZtE9,Pink Floyd,A Saucerful of Secrets,A Saucerful of Secrets,2vnJKtGjZXRUg0mYPZ3HGH,1968-06-29,0OtkNB4TnTzrlid4zipYDV,0.2269999980926513,0.1369999945163726,11.944883333333332,0.777999997138977,0.8999999761581421,11,0.1059999987483024,-12.711000442504885,1,0.210999995470047,87.70500183105469,4,0.0351999998092651,38,47
0k17h0D3J5VfsdmQ1iZtE9,Pink Floyd,See-Saw,A Saucerful of Secrets,2vnJKtGjZXRUg0mYPZ3HGH,1968-06-29,4bnu1f2cbv0YYJrPeV4dIF,0.449999988079071,0.3079999983310699,4.614216666666667,0.375,0.0252000000327825,2,0.2070000022649765,-10.786999702453612,1,0.0280000008642673,83.23300170898438,3,0.1840000003576278,37,47
0k17h0D3J5VfsdmQ1iZtE9,Pink Floyd,Jugband Blues,A Saucerful of Secrets,2vnJKtGjZXRUg0mYPZ3HGH,1968-06-29,7L1n9EL0Sh0LMOyxDI7rxr,0.2919999957084656,0.3230000138282776,3.00875,0.4210000038146972,0.0020800000056624,4,0.2399999946355819,-9.048999786376951,0,0.0401999987661838,116.46600341796876,4,0.1480000019073486,42,47
0k17h0D3J5VfsdmQ1iZtE9,Pink Floyd,One of These Days,Meddle,468ZwCchVtzEbt9BHmXopb,1971-11-11,6uU0Hu8oVk9gBihokcrDMH,0.0061099999584257,0.3810000121593475,5.910216666666667,0.5059999823570251,0.8460000157356262,4,0.5350000262260437,-15.093999862670898,1,0.046799998730421,103.80599975585938,4,0.4000000059604645,58,62
0k17h0D3J5VfsdmQ1iZtE9,Pink Floyd,A Pillow of Winds,Meddle,468ZwCchVtzEbt9BHmXopb,1971-11-11,7krbQbYq63hcwVMNW1R0tD,0.4519999921321869,0.3700000047683716,5.214883333333334,0.210999995470047,0.0016599999507889,9,0.0856999978423118,-16.11400032043457,1,0.031199999153614,142.70799255371094,4,0.2230000048875808,56,62
0k17h0D3J5VfsdmQ1iZtE9,Pink Floyd,Fearless,Meddle,468ZwCchVtzEbt9BHmXopb,1971-11-11,7AalBKBoLDR4UmRYRJpdbj,0.1599999964237213,0.3799999952316284,6.132216666666666,0.3409999907016754,0.0408000014722347,7,0.4480000138282776,-15.718999862670898,1,0.0417999997735023,143.718994140625,4,0.1790000051259994,62,62
0k17h0D3J5VfsdmQ1iZtE9,Pink Floyd,San Tropez,Meddle,468ZwCchVtzEbt9BHmXopb,1971-11-11,3kbUFmLV5SHVQonfOpNgkd,0.1710000038146972,0.6909999847412109,3.717783333333333,0.3240000009536743,0.0219000000506639,0,0.0674000009894371,-15.366999626159668,1,0.0445999987423419,121.66400146484376,4,0.5429999828338623,59,62
0k17h0D3J5VfsdmQ1iZtE9,Pink Floyd,Seamus,Meddle,468ZwCchVtzEbt9BHmXopb,1971-11-11,05lNdqc6FhcsxCfS8lJzyE,0.8069999814033508,0.5360000133514404,2.247333333333333,0.0869000032544136,0.1089999973773956,2,0.1019999980926513,-22.91200065612793,1,0.0383000001311302,71.76399993896484,4,0.3580000102519989,45,62
0k17h0D3J5VfsdmQ1iZtE9,Pink Floyd,Echoes,Meddle,468ZwCchVtzEbt9BHmXopb,1971-11-11,7kriFJLY2KOhw5en9iI2jb,0.3659999966621399,0.2849999964237213,23.54085,0.3219999969005584,0.6510000228881836,6,0.1070000007748603,-16.579999923706055,0,0.0439999997615814,134.04200744628906,4,0.1420000046491623,58,62
0k17h0D3J5VfsdmQ1iZtE9,Pink Floyd,Obscured by Clouds,Obscured by Clouds,00BBpx0gG4KfQtxSJBPKUZ,1972-06-03,3c8LKbUsjW9lMYQzVScXQT,0.0132999997586011,0.3030000030994415,3.067333333333333,0.3409999907016754,0.6819999814033508,2,0.1059999987483024,-14.550999641418455,1,0.0271000005304813,164.37100219726562,4,0.0379999987781047,46,56
0k17h0D3J5VfsdmQ1iZtE9,Pink Floyd,When You're In,Obscured by Clouds,00BBpx0gG4KfQtxSJBPKUZ,1972-06-03,32s9tDIJi5HBI9iE2NQ3dn,0.0261000003665685,0.5370000004768372,2.5202166666666668,0.6320000290870667,0.8930000066757202,2,0.135000005364418,-12.506999969482422,1,0.0649000033736229,164.0970001220703,4,0.1889999955892563,45,56
0k17h0D3J5VfsdmQ1iZtE9,Pink Floyd,Burning Bridges,Obscured by Clouds,00BBpx0gG4KfQtxSJBPKUZ,1972-06-03,7eevs3p1r2gE7EMHQ6NHmz,0.2259999960660934,0.4280000030994415,3.50555,0.2249999940395355,0.0003490000090096,8,0.1159999966621398,-14.925999641418455,1,0.0289999991655349,117.83899688720705,4,0.1389999985694885,46,56
0k17h0D3J5VfsdmQ1iZtE9,Pink Floyd,The Gold It's in the...,Obscured by Clouds,00BBpx0gG4KfQtxSJBPKUZ,1972-06-03,2ON80h9ZjmY0WBpVz8OPjU,3.769999966607429e-05,0.5070000290870667,3.13045,0.5059999823570251,0.0006949999951757,11,0.1049999967217445,-11.746000289916992,0,0.0408999994397163,117.5540008544922,4,0.3860000073909759,48,56
0k17h0D3J5VfsdmQ1iZtE9,Pink Floyd,Wot's...Uh the Deal,Obscured by Clouds,00BBpx0gG4KfQtxSJBPKUZ,1972-06-03,6zGFOp6rJZbYSp9DQO5AHY,0.2039999961853027,0.4790000021457672,5.151783333333333,0.3240000009536743,0.0,7,0.067500002682209,-16.000999450683594,1,0.0254999995231628,86.75,4,0.5709999799728394,56,56
0k17h0D3J5VfsdmQ1iZtE9,Pink Floyd,Mudmen,Obscured by Clouds,00BBpx0gG4KfQtxSJBPKUZ,1972-06-03,5F7YHcQPCRUNfUehsjgAu1,0.503000020980835,0.3129999935626983,4.29845,0.248999997973442,0.5410000085830688,8,0.123999997973442,-12.951000213623049,1,0.0295000001788139,103.25399780273438,4,0.1159999966621398,43,56
0k17h0D3J5VfsdmQ1iZtE9,Pink Floyd,Childhood's End,Obscured by Clouds,00BBpx0gG4KfQtxSJBPKUZ,1972-06-03,4fnJmewCdmTfErfSYSysyM,0.2440000027418136,0.6710000038146973,4.55645,0.3849999904632568,0.0001670000056037,9,0.0872000008821487,-13.486000061035156,1,0.0414000004529953,125.08000183105467,4,0.1930000036954879,50,56
0k17h0D3J5VfsdmQ1iZtE9,Pink Floyd,Free Four,Obscured by Clouds,00BBpx0gG4KfQtxSJBPKUZ,1972-06-03,4pfuHQ4hdkUyDEYsMhgXHm,0.010700000450015,0.6949999928474426,4.2797833333333335,0.3880000114440918,0.0021800000686198,7,0.0582999996840953,-12.850000381469728,1,0.032600000500679,124.41200256347656,4,0.6389999985694885,45,56
0k17h0D3J5VfsdmQ1iZtE9,Pink Floyd,Stay,Obscured by Clouds,00BBpx0gG4KfQtxSJBPKUZ,1972-06-03,2loweLvzkHJTe7sbbw1nO8,0.8190000057220459,0.4449999928474426,4.1291166666666665,0.2639999985694885,0.0008740000193938,7,0.1030000001192092,-12.888999938964844,1,0.0296000000089406,114.69000244140624,4,0.2249999940395355,42,56
0k17h0D3J5VfsdmQ1iZtE9,Pink Floyd,Absolutely Curtains,Obscured by Clouds,00BBpx0gG4KfQtxSJBPKUZ,1972-06-03,6an16oJkgHMlEgTMgtfIP9,0.0958999991416931,0.2010000050067901,5.841116666666666,0.2300000041723251,0.6060000061988831,7,0.0939000025391578,-19.229999542236328,0,0.0399000011384487,131.06300354003906,1,0.0368000008165836,38,56
0k17h0D3J5VfsdmQ1iZtE9,Pink Floyd,Speak to Me,The Dark Side of the Moon,4LH4d3cOWNNsVw41Gqt2kv,1973-03-01,574y1r7o2tRA009FW0LE7v,0.3619999885559082,0.5920000076293945,1.088566666666667,0.0196000002324581,0.8539999723434448,1,0.1080000028014183,-33.349998474121094,1,0.0357999987900257,119.50399780273438,4,0.031199999153614,63,80
0k17h0D3J5VfsdmQ1iZtE9,Pink Floyd,Breathe (In the Air),The Dark Side of the Moon,4LH4d3cOWNNsVw41Gqt2kv,1973-03-01,2ctvdKmETyOzPb2GiJJT53,0.3910000026226043,0.4309999942779541,2.8255833333333333,0.375,0.7210000157356262,11,0.1430000066757202,-15.142000198364258,0,0.0346999987959861,128.1529998779297,4,0.257999986410141,76,80
0k17h0D3J5VfsdmQ1iZtE9,Pink Floyd,On the Run,The Dark Side of the Moon,4LH4d3cOWNNsVw41Gqt2kv,1973-03-01,73OIUNKRi2y24Cu9cOLrzM,0.6499999761581421,0.3880000114440918,3.7564166666666665,0.5630000233650208,0.9020000100135804,7,0.1040000021457672,-21.191999435424805,1,0.0627999976277351,165.39300537109375,4,0.1369999945163726,64,80
0k17h0D3J5VfsdmQ1iZtE9,Pink Floyd,Time,The Dark Side of the Moon,4LH4d3cOWNNsVw41Gqt2kv,1973-03-01,3TO7bbrUKrOSPGRTB5MeCz,0.5210000276565552,0.3580000102519989,6.899116666666667,0.4799999892711639,0.0042799999937415,9,0.1780000030994415,-11.789999961853027,1,0.0848999992012977,120.31700134277344,4,0.356000006198883,74,80
0k17h0D3J5VfsdmQ1iZtE9,Pink Floyd,The Great Gig in the Sky,The Dark Side of the Moon,4LH4d3cOWNNsVw41Gqt2kv,1973-03-01,2TjdnqlpwOjhijHCwHCP2d,0.7680000066757202,0.2750000059604645,4.7312,0.2160000056028366,0.8970000147819519,5,0.0832000002264976,-13.817999839782717,1,0.0344999991357326,116.38800048828124,4,0.1809999942779541,76,80
0k17h0D3J5VfsdmQ1iZtE9,Pink Floyd,Money,The Dark Side of the Moon,4LH4d3cOWNNsVw41Gqt2kv,1973-03-01,0vFOzaXqZHahrZp6enQwQb,0.024100000038743,0.4690000116825104,6.380566666666667,0.5370000004768372,0.0020099999383091,9,0.2689999938011169,-10.42099952697754,1,0.1519999951124191,124.19300079345705,1,0.7829999923706055,76,80
0k17h0D3J5VfsdmQ1iZtE9,Pink Floyd,Us and Them,The Dark Side of the Moon,4LH4d3cOWNNsVw41Gqt2kv,1973-03-01,1TKTiKp3zbNgrBH2IwSwIx,0.8629999756813049,0.356000006198883,7.8204,0.3019999861717224,0.5460000038146973,2,0.6340000033378601,-14.527999877929688,1,0.0346000008285045,72.62300109863281,4,0.1260000020265579,69,80
0k17h0D3J5VfsdmQ1iZtE9,Pink Floyd,Any Colour You Like,The Dark Side of the Moon,4LH4d3cOWNNsVw41Gqt2kv,1973-03-01,6FBPOJLxUZEair6x4kLDhf,0.1969999969005584,0.2770000100135803,3.4404833333333333,0.671999990940094,0.9350000023841858,0,0.4230000078678131,-12.58199977874756,1,0.09009999781847,150.58799743652344,4,0.5049999952316284,64,80
0k17h0D3J5VfsdmQ1iZtE9,Pink Floyd,Brain Damage,The Dark Side of the Moon,4LH4d3cOWNNsVw41Gqt2kv,1973-03-01,05uGBKRCuePsf43Hfm0JwX,0.0725999996066093,0.3219999969005584,3.777783333333333,0.2649999856948852,0.3400000035762787,2,0.3659999966621399,-13.39799976348877,1,0.0302000008523464,133.57699584960938,4,0.2070000022649765,70,80
0k17h0D3J5VfsdmQ1iZtE9,Pink Floyd,Eclipse,The Dark Side of the Moon,4LH4d3cOWNNsVw41Gqt2kv,1973-03-01,1tDWVeCR9oWGX8d5J9rswk,0.0590999983251094,0.3589999973773956,2.1738166666666667,0.5789999961853027,0.7459999918937683,10,0.0685999989509582,-10.765000343322754,1,0.0406000018119812,68.10199737548828,4,0.135000005364418,66,80
0k17h0D3J5VfsdmQ1iZtE9,Pink Floyd,Shine On You Crazy Diamond (Pts. 1-5),Wish You Were Here,0bCAjiUamIFqKJsekOYuRw,1975-09-12,6pnwfWyaWjQiHCKTiZLItr,0.7710000276565552,0.2660000026226043,13.51795,0.2939999997615814,0.6970000267028809,7,0.1070000007748603,-11.937999725341797,0,0.0291000008583068,137.9409942626953,3,0.0397000014781951,69,75
0k17h0D3J5VfsdmQ1iZtE9,Pink Floyd,Welcome to the Machine,Wish You Were Here,0bCAjiUamIFqKJsekOYuRw,1975-09-12,5VWC7v2dC2K0SIIjT9WTLN,0.5199999809265137,0.3819999992847442,7.528016666666667,0.3600000143051147,0.1710000038146972,0,0.0746999979019165,-12.44200038909912,1,0.0364999994635582,133.2729949951172,4,0.036200001835823,64,75
0k17h0D3J5VfsdmQ1iZtE9,Pink Floyd,Have a Cigar,Wish You Were Here,0bCAjiUamIFqKJsekOYuRw,1975-09-12,3CmHvyZQQAGkKkTjTBFWN6,0.4070000052452087,0.4539999961853027,5.1288833333333335,0.6499999761581421,0.0498000010848045,4,0.5889999866485596,-10.190999984741213,0,0.0436999984085559,120.15399932861328,4,0.7200000286102295,69,75
0k17h0D3J5VfsdmQ1iZtE9,Pink Floyd,Wish You Were Here,Wish You Were Here,0bCAjiUamIFqKJsekOYuRw,1975-09-12,6mFkJmJqdDVQ1REhVfGgd1,0.7350000143051147,0.481000006198883,5.579066666666667,0.2619999945163727,0.0114000001922249,7,0.8320000171661377,-15.729999542236328,1,0.0414000004529953,122.88300323486328,4,0.375,79,75
0k17h0D3J5VfsdmQ1iZtE9,Pink Floyd,Shine On You Crazy Diamond (Pts. 6-9),Wish You Were Here,0bCAjiUamIFqKJsekOYuRw,1975-09-12,21j1PsCiTaO8ZW88UZrh3A,0.5770000219345093,0.2870000004768371,12.455416666666666,0.4850000143051147,0.8980000019073486,7,0.3219999969005584,-13.154999732971191,0,0.0498000010848045,135.86000061035156,3,0.1270000040531158,60,75
0k17h0D3J5VfsdmQ1iZtE9,Pink Floyd,Pigs on the Wing 1,Animals,3b4E89rxzZQ9zkhgKpj8N4,1977-01-23,19tHmIQsRnebkyK09m2UXE,0.3000000119209289,0.6639999747276306,1.4046666666666667,0.1710000038146972,0.0010799999581649,7,0.2639999985694885,-20.731000900268555,1,0.0452000014483928,128.63099670410156,3,0.3779999911785126,63,64
0k17h0D3J5VfsdmQ1iZtE9,Pink Floyd,Dogs,Animals,3b4E89rxzZQ9zkhgKpj8N4,1977-01-23,2jvuMDqBK04WvCYYz5qjvG,0.0762000009417533,0.3210000097751617,17.088,0.4790000021457672,0.0047100000083446,2,0.1509999930858612,-11.395000457763672,0,0.0489999987185001,109.23899841308594,4,0.1389999985694885,63,64
0k17h0D3J5VfsdmQ1iZtE9,Pink Floyd,Pigs (Three Different Ones),Animals,3b4E89rxzZQ9zkhgKpj8N4,1977-01-23,0gEaeqVRHPzRc7HMXtOKc7,0.1019999980926513,0.4189999997615814,11.431333333333331,0.5740000009536743,0.4620000123977661,4,0.8949999809265137,-12.220999717712402,0,0.0890000015497207,129.25999450683594,4,0.3449999988079071,61,64
0k17h0D3J5VfsdmQ1iZtE9,Pink Floyd,Sheep,Animals,3b4E89rxzZQ9zkhgKpj8N4,1977-01-23,55e99bv2wlgTYtNEYHWtN1,0.0648000016808509,0.2800000011920929,10.317983333333334,0.7160000205039978,0.5120000243186951,9,0.5120000243186951,-12.095000267028809,0,0.0986000001430511,135.40899658203125,4,0.0615999996662139,59,64
0k17h0D3J5VfsdmQ1iZtE9,Pink Floyd,Pigs on the Wing 2,Animals,3b4E89rxzZQ9zkhgKpj8N4,1977-01-23,1OzTJHmUMMYPQpMLxZYHlU,0.2560000121593475,0.5960000157356262,1.44495,0.1700000017881393,4.389999958220869e-05,7,0.0772000029683113,-19.57999992370605,1,0.0430000014603138,128.5850067138672,3,0.4860000014305115,53,64
0k17h0D3J5VfsdmQ1iZtE9,Pink Floyd,In the Flesh?,The Wall,5Dbax7G8SWrP9xyzkOvy2F,1979-11-30,24YmWQgunJGAU8El3ndkyn,0.4160000085830688,0.2939999997615814,3.3037,0.488999992609024,0.3479999899864197,9,0.0537000000476837,-14.57800006866455,1,0.0399000011384487,152.11500549316406,3,0.2680000066757202,61,80
0k17h0D3J5VfsdmQ1iZtE9,Pink Floyd,The Thin Ice,The Wall,5Dbax7G8SWrP9xyzkOvy2F,1979-11-30,62zuXt6X5B6YQOBNFV2eXG,0.3540000021457672,0.3589999973773956,2.438683333333333,0.1280000060796737,0.001810000045225,9,0.656000018119812,-16.982999801635742,0,0.0372000001370906,110.3499984741211,3,0.1780000030994415,59,80
0k17h0D3J5VfsdmQ1iZtE9,Pink Floyd,"Another Brick in the Wall, Pt. 1",The Wall,5Dbax7G8SWrP9xyzkOvy2F,1979-11-30,7K6xMPtAjTuLPNlJMLf5bS,0.9369999766349792,0.6169999837875366,3.202433333333333,0.0456999987363815,0.640999972820282,0,0.0991000011563301,-26.400999069213867,1,0.034400001168251,99.4800033569336,4,0.0966999977827072,67,80
0k17h0D3J5VfsdmQ1iZtE9,Pink Floyd,The Happiest Days of Our Lives,The Wall,5Dbax7G8SWrP9xyzkOvy2F,1979-11-30,2O3l4X1yTua8oMMCtazkyo,0.5509999990463257,0.7409999966621399,1.8471,0.231000006198883,0.746999979019165,9,0.248999997973442,-18.90999984741211,0,0.0414999984204769,103.99400329589844,4,0.546999990940094,61,80
0k17h0D3J5VfsdmQ1iZtE9,Pink Floyd,"Another Brick in the Wall, Pt. 2",The Wall,5Dbax7G8SWrP9xyzkOvy2F,1979-11-30,4gMgiXfqyzZLMhsksGmbQV,0.0781000033020973,0.6940000057220459,3.979116666666666,0.3939999938011169,0.0006769999745301,0,0.2469999939203262,-15.880999565124512,1,0.0428000018000602,104.1259994506836,4,0.718999981880188,80,80
0k17h0D3J5VfsdmQ1iZtE9,Pink Floyd,Mother,The Wall,5Dbax7G8SWrP9xyzkOvy2F,1979-11-30,1GEOSS415bZVHNuXWlCT6b,0.2430000007152557,0.578000009059906,5.58155,0.1500000059604644,0.0070699998177587,7,0.0825000032782554,-17.334999084472656,1,0.0333999991416931,135.33099365234375,4,0.1209999993443489,65,80
0k17h0D3J5VfsdmQ1iZtE9,Pink Floyd,Goodbye Blue Sky,The Wall,5Dbax7G8SWrP9xyzkOvy2F,1979-11-30,0ESdtt9cjGZUkUbaubSrv2,0.8790000081062317,0.6380000114440918,2.787333333333333,0.0811000019311904,0.0031500000040978,7,0.3140000104904175,-22.645999908447266,1,0.033500000834465,109.1520004272461,4,0.0502000004053115,63,80
0k17h0D3J5VfsdmQ1iZtE9,Pink Floyd,Empty Spaces,The Wall,5Dbax7G8SWrP9xyzkOvy2F,1979-11-30,5yMyLZu4wPvWcbLFiRhYVM,0.1870000064373016,0.5009999871253967,2.1305,0.3379999995231628,0.8619999885559082,11,0.5139999985694885,-19.1200008392334,1,0.0397000014781951,95.94200134277344,4,0.1049999967217445,58,80
0k17h0D3J5VfsdmQ1iZtE9,Pink Floyd,Young Lust,The Wall,5Dbax7G8SWrP9xyzkOvy2F,1979-11-30,3xGJuHvSxFJxxYlHj5BIoT,0.0546000003814697,0.6150000095367432,3.499283333333333,0.550000011920929,0.1909999996423721,11,0.746999979019165,-13.857999801635742,0,0.0348999984562397,95.48500061035156,4,0.5490000247955322,68,80
0k17h0D3J5VfsdmQ1iZtE9,Pink Floyd,One of My Turns,The Wall,5Dbax7G8SWrP9xyzkOvy2F,1979-11-30,66YHxyGAUGjMBDdrDlWIMD,0.3050000071525574,0.3149999976158142,3.613333333333333,0.2179999947547912,0.0012000000569969,0,0.2259999960660934,-15.21500015258789,1,0.0731000006198883,175.86099243164062,4,0.1560000032186508,57,80
0k17h0D3J5VfsdmQ1iZtE9,Pink Floyd,Don't Leave Me Now,The Wall,5Dbax7G8SWrP9xyzkOvy2F,1979-11-30,3QEWEv1tvHmVgsT5THpGDn,0.0847000032663345,0.3019999861717224,4.2655666666666665,0.1110000014305114,0.7770000100135803,9,0.6209999918937683,-19.780000686645508,0,0.0348999984562397,123.02100372314452,3,0.0392999984323978,56,80
0k17h0D3J5VfsdmQ1iZtE9,Pink Floyd,"Another Brick in the Wall, Pt. 3",The Wall,5Dbax7G8SWrP9xyzkOvy2F,1979-11-30,5A7eooPKJHtr0UJmatjH4a,0.0553999990224838,0.652999997138977,1.2401833333333334,0.4720000028610229,6.44999963697046e-05,2,0.3970000147819519,-14.79699993133545,1,0.035300001502037,102.55799865722656,4,0.4480000138282776,59,80
0k17h0D3J5VfsdmQ1iZtE9,Pink Floyd,Goodbye Cruel World,The Wall,5Dbax7G8SWrP9xyzkOvy2F,1979-11-30,0ZXkKRO789QKBR6ME7pIDF,0.7820000052452087,0.4709999859333038,1.223833333333333,0.0118000004440546,0.7990000247955322,2,0.2469999939203262,-31.733999252319336,1,0.0406999997794628,102.88099670410156,4,0.0701000019907951,55,80
0k17h0D3J5VfsdmQ1iZtE9,Pink Floyd,Hey You,The Wall,5Dbax7G8SWrP9xyzkOvy2F,1979-11-30,7F02x6EKYIQV3VcTaTm7oN,0.221000000834465,0.5879999995231628,4.6406833333333335,0.3009999990463257,0.0023600000422447,0,0.1280000060796737,-14.979000091552734,1,0.0294000003486871,112.45800018310548,4,0.1899999976158142,70,80
0k17h0D3J5VfsdmQ1iZtE9,Pink Floyd,Is There Anybody Out There?,The Wall,5Dbax7G8SWrP9xyzkOvy2F,1979-11-30,5HAjss9faCAowGY8dM24r6,0.7229999899864197,0.3070000112056732,2.69325,0.0741999968886375,0.3079999983310699,9,0.1099999994039535,-27.15900039672852,0,0.0359000004827976,118.59100341796876,4,0.0394000001251697,58,80
0k17h0D3J5VfsdmQ1iZtE9,Pink Floyd,Nobody Home,The Wall,5Dbax7G8SWrP9xyzkOvy2F,1979-11-30,2gTnu5RZNVFVnWdjLnyUA5,0.7099999785423279,0.2509999871253967,3.38935,0.1480000019073486,0.4320000112056732,0,0.1059999987483024,-21.05599975585937,1,0.0430999994277954,208.48599243164065,4,0.0568999983370304,57,80
0k17h0D3J5VfsdmQ1iZtE9,Pink Floyd,Vera,The Wall,5Dbax7G8SWrP9xyzkOvy2F,1979-11-30,7FCiDC7ojdm19CJePq6QAe,0.6779999732971191,0.1829999983310699,1.5559333333333334,0.1620000004768371,0.0219999998807907,4,0.1190000027418136,-22.19099998474121,0,0.1509999930858612,34.71699905395508,4,0.0838999971747398,55,80
0k17h0D3J5VfsdmQ1iZtE9,Pink Floyd,Bring the Boys Back Home,The Wall,5Dbax7G8SWrP9xyzkOvy2F,1979-11-30,4TUStFzBGQqn0GrkzVWFV4,0.5680000185966492,0.3300000131130218,1.45345,0.2829999923706054,0.093299999833107,0,0.2349999994039535,-15.972999572753906,1,0.0610000006854534,157.96299743652344,4,0.2870000004768371,54,80
0k17h0D3J5VfsdmQ1iZtE9,Pink Floyd,Comfortably Numb,The Wall,5Dbax7G8SWrP9xyzkOvy2F,1979-11-30,5HNCy40Ni5BZJFw1TKzRsC,0.1500000059604644,0.4720000028610229,6.371616666666666,0.3659999966621399,0.3079999983310699,11,0.0837000012397766,-12.595000267028809,0,0.0285999998450279,127.16699981689452,4,0.1710000038146972,77,80
0k17h0D3J5VfsdmQ1iZtE9,Pink Floyd,The Show Must Go On,The Wall,5Dbax7G8SWrP9xyzkOvy2F,1979-11-30,077OhUjy58qkjscrXjW696,0.4350000023841858,0.5699999928474426,1.6093333333333333,0.1979999989271164,0.125,7,0.2619999945163727,-16.91900062561035,1,0.0294000003486871,129.04800415039062,4,0.3260000050067901,57,80
0k17h0D3J5VfsdmQ1iZtE9,Pink Floyd,In the Flesh,The Wall,5Dbax7G8SWrP9xyzkOvy2F,1979-11-30,5OFi9CIyD6s1oENyHapK2W,0.3630000054836273,0.2840000092983246,4.259116666666666,0.4589999914169311,0.5040000081062317,9,0.718999981880188,-14.890999794006348,1,0.0320000015199184,151.79600524902344,3,0.1040000021457672,57,80
0k17h0D3J5VfsdmQ1iZtE9,Pink Floyd,Run Like Hell,The Wall,5Dbax7G8SWrP9xyzkOvy2F,1979-11-30,0EaLRxrtnq7Mqhdf8q9txr,0.0234999991953372,0.7160000205039978,4.392883333333334,0.4990000128746032,0.4490000009536743,9,0.8600000143051147,-15.45699977874756,1,0.0353999994695186,116.9739990234375,4,0.4199999868869781,61,80
0k17h0D3J5VfsdmQ1iZtE9,Pink Floyd,Waiting for the Worms,The Wall,5Dbax7G8SWrP9xyzkOvy2F,1979-11-30,2DVkYfl2YuOMlRfC98srEG,0.578000009059906,0.5680000185966492,3.9516333333333336,0.4129999876022339,0.0058900001458823,7,0.5350000262260437,-13.593999862670898,1,0.0297999996691942,75.86599731445312,4,0.6669999957084656,55,80
0k17h0D3J5VfsdmQ1iZtE9,Pink Floyd,Stop,The Wall,5Dbax7G8SWrP9xyzkOvy2F,1979-11-30,21L1dVOTGhvAKvBXXnTIHj,0.9169999957084656,0.5550000071525574,0.5103666666666666,0.0193000007420778,0.0013599999947473,9,0.0658000037074089,-29.867000579833984,0,0.0432000011205673,76.11199951171875,4,0.3089999854564667,53,80
0k17h0D3J5VfsdmQ1iZtE9,Pink Floyd,The Trial,The Wall,5Dbax7G8SWrP9xyzkOvy2F,1979-11-30,1UMXtudajhlocMzXVSngDU,0.6970000267028809,0.4099999964237213,5.3141,0.3700000047683716,0.0001440000050934,4,0.210999995470047,-15.756999969482422,0,0.0766000002622604,76.9260025024414,4,0.3300000131130218,54,80
0k17h0D3J5VfsdmQ1iZtE9,Pink Floyd,Outside the Wall,The Wall,5Dbax7G8SWrP9xyzkOvy2F,1979-11-30,1nW0lHGLpE1iQDP5Nvt3x1,0.6740000247955322,0.1809999942779541,1.7352333333333334,0.0775000005960464,0.5059999823570251,0,0.0939000025391578,-35.89799880981445,1,0.0588000006973743,115.71099853515624,4,0.4510000050067901,52,80
0k17h0D3J5VfsdmQ1iZtE9,Pink Floyd,The Post War Dream,The Final Cut,1yMenUMOx7BpfTDuVQs99y,1983-03-21,1WadE5KTwPPMruyCPSnVos,0.9039999842643738,0.3240000009536743,2.989333333333333,0.123999997973442,0.0003999999898951,5,0.4300000071525574,-15.623000144958496,1,0.049600001424551,116.16300201416016,1,0.3680000007152557,48,59
0k17h0D3J5VfsdmQ1iZtE9,Pink Floyd,Your Possible Pasts,The Final Cut,1yMenUMOx7BpfTDuVQs99y,1983-03-21,1IAiDrvZCOx8AHlNZGY5yU,0.6589999794960022,0.44200000166893,4.438383333333333,0.1519999951124191,0.0001170000032288,7,0.1319999992847442,-11.854000091552734,1,0.0370000004768371,135.81900024414062,3,0.2010000050067901,46,59
0k17h0D3J5VfsdmQ1iZtE9,Pink Floyd,One of the Few,The Final Cut,1yMenUMOx7BpfTDuVQs99y,1983-03-21,2rcpqbAf0ZXdgddldbu1sU,0.3779999911785126,0.363999992609024,1.2838333333333334,0.0296999998390674,0.800000011920929,2,0.1129999980330467,-25.350000381469727,1,0.0417000018060207,172.0489959716797,4,0.0388000011444091,53,59
0k17h0D3J5VfsdmQ1iZtE9,Pink Floyd,When the Tigers Broke Free,The Final Cut,1yMenUMOx7BpfTDuVQs99y,1983-03-21,23ItRtrVX4vF30wGrzfznf,0.7689999938011169,0.2750000059604645,3.2026833333333333,0.2319999933242797,0.0027799999807029,0,0.4280000030994415,-16.511999130249023,0,0.0417999997735023,83.93499755859375,4,0.0586000010371208,45,59
0k17h0D3J5VfsdmQ1iZtE9,Pink Floyd,The Hero's Return,The Final Cut,1yMenUMOx7BpfTDuVQs99y,1983-03-21,0s9iofqbQdsmWZQJ1TZh1c,0.5180000066757202,0.5509999990463257,2.713766666666667,0.3510000109672546,0.0059400000609457,7,0.1500000059604644,-13.76200008392334,1,0.0445000007748603,118.06700134277344,4,0.2479999959468841,44,59
0k17h0D3J5VfsdmQ1iZtE9,Pink Floyd,The Gunner's Dream,The Final Cut,1yMenUMOx7BpfTDuVQs99y,1983-03-21,1057KuzIH4fWCyI5Gb5kX2,0.6869999766349792,0.4180000126361847,5.304,0.2840000092983246,0.0045699998736381,7,0.1040000021457672,-14.263999938964844,1,0.0548000000417232,132.66799926757812,4,0.1689999997615814,48,59
0k17h0D3J5VfsdmQ1iZtE9,Pink Floyd,Paranoid Eyes,The Final Cut,1yMenUMOx7BpfTDuVQs99y,1983-03-21,1Xmr96UoJusovMbOCSg2N3,0.765999972820282,0.3779999911785126,3.69335,0.0776000022888183,0.0109000001102685,7,0.0820000022649765,-22.326000213623047,1,0.0346999987959861,74.4540023803711,4,0.1120000034570694,43,59
0k17h0D3J5VfsdmQ1iZtE9,Pink Floyd,Get Your Filthy Hands Off My Desert,The Final Cut,1yMenUMOx7BpfTDuVQs99y,1983-03-21,4HNZRr43gqpPjMuB6m1Ydf,0.8119999766349792,0.363999992609024,1.2817666666666667,0.1519999951124191,0.001410000026226,7,0.0908999964594841,-20.78899955749512,1,0.0882000029087066,83.3270034790039,3,0.4799999892711639,42,59
0k17h0D3J5VfsdmQ1iZtE9,Pink Floyd,The Fletcher Memorial Home,The Final Cut,1yMenUMOx7BpfTDuVQs99y,1983-03-21,0L0HAZg6FGrBAS6QE7B1eI,0.6399999856948853,0.2479999959468841,4.157366666666666,0.3000000119209289,0.000508000026457,7,0.231000006198883,-10.6899995803833,1,0.0388999991118907,173.36599731445312,4,0.0511000007390975,45,59
0k17h0D3J5VfsdmQ1iZtE9,Pink Floyd,Southampton Dock,The Final Cut,1yMenUMOx7BpfTDuVQs99y,1983-03-21,1e6P6S42qX7vFT0u14S5jm,0.6430000066757202,0.5680000185966492,2.2244333333333333,0.0904000028967857,0.035300001502037,5,0.1870000064373016,-23.2810001373291,1,0.0538999997079372,110.15599822998048,4,0.1759999990463256,43,59
0k17h0D3J5VfsdmQ1iZtE9,Pink Floyd,The Final Cut,The Final Cut,1yMenUMOx7BpfTDuVQs99y,1983-03-21,5y1Uc72BAKxaleTEXpcJJq,0.7870000004768372,0.4709999859333038,4.7100333333333335,0.3650000095367431,0.0006600000197067,5,0.1180000007152557,-9.831000328063965,1,0.032600000500679,58.62799835205078,4,0.0781999975442886,56,59
0k17h0D3J5VfsdmQ1iZtE9,Pink Floyd,Not Now John,The Final Cut,1yMenUMOx7BpfTDuVQs99y,1983-03-21,6JwcYUAHQAwUXJWZ4S9c5V,0.1840000003576278,0.5139999985694885,5.020166666666666,0.8330000042915344,1.0700000530050602e-06,4,0.843999981880188,-7.882999897003174,0,0.049100000411272,91.4800033569336,4,0.3190000057220459,49,59
0k17h0D3J5VfsdmQ1iZtE9,Pink Floyd,Two Suns in the Sunset,The Final Cut,1yMenUMOx7BpfTDuVQs99y,1983-03-21,3KvKMHMlRj30a7IjHXQVzu,0.1879999935626983,0.7149999737739563,5.257416666666667,0.2240000069141388,0.2240000069141388,2,0.2430000007152557,-15.595999717712402,1,0.0318999998271465,135.26600646972656,3,0.3300000131130218,49,59
0k17h0D3J5VfsdmQ1iZtE9,Pink Floyd,Signs of Life,A Momentary Lapse of Reason,4xODvcpjOOgu4oKWL0sCte,1987-09-08,5IuSQa3vuy5ZGw0ZxJ9z3a,0.1089999973773956,0.1400000005960464,4.3643,0.296999990940094,0.2220000028610229,8,0.0874999985098838,-20.56999969482422,0,0.1129999980330467,73.71199798583984,1,0.0551999993622303,44,63
0k17h0D3J5VfsdmQ1iZtE9,Pink Floyd,Learning to Fly,A Momentary Lapse of Reason,4xODvcpjOOgu4oKWL0sCte,1987-09-08,3ieDOGcOqVxScs2VZBzidt,0.25,0.4410000145435333,4.868,0.5600000023841858,0.0296000000089406,0,0.1509999930858612,-13.680999755859377,1,0.0361000001430511,166.5850067138672,4,0.4760000109672546,67,63
0k17h0D3J5VfsdmQ1iZtE9,Pink Floyd,The Dogs of War,A Momentary Lapse of Reason,4xODvcpjOOgu4oKWL0sCte,1987-09-08,4ggDbvTME5EAso1xfGX2M0,0.1720000058412552,0.2319999933242797,6.062016666666667,0.4939999878406524,1.1299999641778412e-05,5,0.8659999966621399,-12.38700008392334,1,0.0584999993443489,86.24299621582031,4,0.1099999994039535,46,63
0k17h0D3J5VfsdmQ1iZtE9,Pink Floyd,One Slip,A Momentary Lapse of Reason,4xODvcpjOOgu4oKWL0sCte,1987-09-08,3h31xJfV4OpCYKlzSpazLy,0.4169999957084656,0.5920000076293945,5.144433333333334,0.7080000042915344,0.0131000000983476,3,0.0806000009179115,-12.812999725341797,1,0.0471000000834465,117.31700134277344,4,0.3449999988079071,46,63
0k17h0D3J5VfsdmQ1iZtE9,Pink Floyd,On the Turning Away,A Momentary Lapse of Reason,4xODvcpjOOgu4oKWL0sCte,1987-09-08,7KA6U0WOHdGxWWLGPYN2Sb,0.3650000095367431,0.4510000050067901,5.69445,0.4020000100135803,0.0007459999760612,7,0.0759999975562095,-12.135000228881836,1,0.0296999998390674,100.41100311279295,4,0.2440000027418136,59,63
0k17h0D3J5VfsdmQ1iZtE9,Pink Floyd,Yet Another Movie,A Momentary Lapse of Reason,4xODvcpjOOgu4oKWL0sCte,1987-09-08,7ymn3tJva1XgJOhB9Kj5q0,0.0386000014841556,0.3459999859333038,6.215133333333333,0.625,0.0120999999344348,7,0.1420000046491623,-11.920000076293944,1,0.0489000007510185,94.17400360107422,4,0.1889999955892563,43,63
0k17h0D3J5VfsdmQ1iZtE9,Pink Floyd,Round and Around,A Momentary Lapse of Reason,4xODvcpjOOgu4oKWL0sCte,1987-09-08,4GIq6ZUGqM8qRTJF1BOery,0.6660000085830688,0.4280000030994415,1.22175,0.2150000035762787,0.777999997138977,9,0.0604999996721744,-18.415000915527344,1,0.0328000001609325,160.5030059814453,5,0.5820000171661377,46,63
0k17h0D3J5VfsdmQ1iZtE9,Pink Floyd,"A New Machine, Pt. 1",A Momentary Lapse of Reason,4xODvcpjOOgu4oKWL0sCte,1987-09-08,6efrVSc5Dltp0PyFybNacG,0.8090000152587891,0.2129999995231628,1.76555,0.032999999821186,0.0002169999934267,10,0.1070000007748603,-20.56599998474121,1,0.0406000018119812,94.4520034790039,4,0.1120000034570694,41,63
0k17h0D3J5VfsdmQ1iZtE9,Pink Floyd,Terminal Frost,A Momentary Lapse of Reason,4xODvcpjOOgu4oKWL0sCte,1987-09-08,4hO2y5DRbeMppklIroS1O8,0.0076899998821318,0.3569999933242798,6.257333333333333,0.4129999876022339,0.3939999938011169,5,0.1299999952316284,-12.826000213623049,1,0.0273000001907348,172.72799682617188,4,0.0649000033736229,43,63
0k17h0D3J5VfsdmQ1iZtE9,Pink Floyd,"A New Machine, Pt. 2",A Momentary Lapse of Reason,4xODvcpjOOgu4oKWL0sCte,1987-09-08,1gqS8bomGckIqmfDbavdHD,0.640999972820282,0.2870000004768371,0.65015,0.0675999969244003,1.5699999494245276e-05,1,0.101000003516674,-19.996000289916992,1,0.0436999984085559,55.4010009765625,4,0.0727000012993812,40,63
0k17h0D3J5VfsdmQ1iZtE9,Pink Floyd,Sorrow,A Momentary Lapse of Reason,4xODvcpjOOgu4oKWL0sCte,1987-09-08,0u90NnJ2p3Q2MIP9IaAsg5,0.1739999949932098,0.4620000123977661,8.745883333333333,0.6499999761581421,0.3860000073909759,9,0.0728000029921531,-12.541000366210938,1,0.0366999991238117,96.3030014038086,4,0.1490000039339065,48,63
0k17h0D3J5VfsdmQ1iZtE9,Pink Floyd,Cirrus Minor,More,6AccmjV8Q5cEUZ2tvS8s6c,1969-07-27,7s4oBJSqvvR1dulnoLanV2,0.8330000042915344,0.2169999927282333,5.288666666666667,0.2919999957084656,0.8199999928474426,2,0.0737000033259391,-17.05299949645996,1,0.181999996304512,73.00900268554688,4,0.1770000010728836,38,50
0k17h0D3J5VfsdmQ1iZtE9,Pink Floyd,The Nile Song,More,6AccmjV8Q5cEUZ2tvS8s6c,1969-07-27,4YJ1sPlEa0nSUVzsLlZ7Zz,0.0045599997974932,0.135000005364418,3.449333333333333,0.8349999785423279,0.0055999998003244,3,0.0364000014960765,-9.112000465393066,0,0.049600001424551,182.61300659179688,4,0.2689999938011169,43,50
0k17h0D3J5VfsdmQ1iZtE9,Pink Floyd,Crying Song,More,6AccmjV8Q5cEUZ2tvS8s6c,1969-07-27,2mZreZ4DxJE1et4I7Zy9l7,0.9480000138282776,0.4350000023841858,3.5551166666666667,0.031199999153614,0.0076799998059868,2,0.0728999972343444,-24.167999267578125,1,0.0368000008165836,124.01000213623048,4,0.1570000052452087,39,50
0k17h0D3J5VfsdmQ1iZtE9,Pink Floyd,Up the Khyber,More,6AccmjV8Q5cEUZ2tvS8s6c,1969-07-27,4LjC2yCKb8BmWCWX4xxzfJ,0.0186000000685453,0.3630000054836273,2.2131166666666666,0.6850000023841858,0.9390000104904176,11,0.0894000008702278,-15.364999771118164,0,0.05180000141263,139.2429962158203,4,0.2730000019073486,33,50
0k17h0D3J5VfsdmQ1iZtE9,Pink Floyd,Green is the Colour,More,6AccmjV8Q5cEUZ2tvS8s6c,1969-07-27,7DDvRmOSP2Yx28CfL6W7aw,0.8069999814033508,0.503000020980835,2.981783333333333,0.1480000019073486,0.7059999704360962,7,0.1190000027418136,-18.267000198364254,1,0.0348999984562397,74.86799621582031,4,0.5210000276565552,50,50
0k17h0D3J5VfsdmQ1iZtE9,Pink Floyd,Cymbaline,More,6AccmjV8Q5cEUZ2tvS8s6c,1969-07-27,6DtilR2YyfH1eAmxB7CseW,0.7409999966621399,0.3510000109672546,4.831333333333333,0.1840000003576278,0.0051600001752376,9,0.0700000002980232,-18.457000732421875,0,0.0328000001609325,77.2249984741211,4,0.1949999928474426,42,50
0k17h0D3J5VfsdmQ1iZtE9,Pink Floyd,Party Sequence,More,6AccmjV8Q5cEUZ2tvS8s6c,1969-07-27,0UNdgMQxCqUhw0Mcw89Vg3,0.9739999771118164,0.628000020980835,1.149333333333333,0.4099999964237213,0.925000011920929,0,0.1199999973177909,-21.665000915527344,1,0.0710999965667724,131.13499450683594,4,0.5170000195503235,32,50
0k17h0D3J5VfsdmQ1iZtE9,Pink Floyd,Main Theme,More,6AccmjV8Q5cEUZ2tvS8s6c,1969-07-27,2BHA4gy0Of1rFtRblQVcik,0.8629999756813049,0.4289999902248382,5.440666666666667,0.4560000002384186,0.906000018119812,0,0.1550000011920929,-13.73799991607666,0,0.0438000001013278,135.6179962158203,4,0.1340000033378601,34,50
0k17h0D3J5VfsdmQ1iZtE9,Pink Floyd,Ibiza Bar,More,6AccmjV8Q5cEUZ2tvS8s6c,1969-07-27,0ng5q14OCwukb4W09AuuQv,0.0006430000066757,0.1099999994039535,3.32155,0.765999972820282,0.8100000023841858,9,0.0615000016987323,-9.411999702453612,1,0.0608999989926815,180.4369964599609,4,0.3050000071525574,39,50
0k17h0D3J5VfsdmQ1iZtE9,Pink Floyd,More Blues,More,6AccmjV8Q5cEUZ2tvS8s6c,1969-07-27,4p1qtNoktFkDJy2oeXHmYi,0.2599999904632568,0.4670000076293945,2.2091166666666666,0.163000002503395,0.7070000171661377,2,0.1099999994039535,-20.858999252319336,0,0.0390999987721443,145.80799865722656,3,0.1379999965429306,37,50
0k17h0D3J5VfsdmQ1iZtE9,Pink Floyd,Quicksilver,More,6AccmjV8Q5cEUZ2tvS8s6c,1969-07-27,1qjl9yDLL79nKVPGBf1akY,0.959999978542328,0.1289999932050705,7.227333333333333,0.1439999938011169,0.3009999990463257,7,0.3600000143051147,-25.89699935913086,1,0.0461000017821788,146.1439971923828,4,0.0291000008583068,31,50
0k17h0D3J5VfsdmQ1iZtE9,Pink Floyd,A Spanish Piece,More,6AccmjV8Q5cEUZ2tvS8s6c,1969-07-27,4YYVPqAYayRTsU2luahbPd,0.7229999899864197,0.6970000267028809,1.088,0.1940000057220459,0.4090000092983246,5,0.0755999982357025,-20.992000579833984,1,0.0812000036239624,113.83599853515624,4,0.2049999982118606,33,50
0k17h0D3J5VfsdmQ1iZtE9,Pink Floyd,Dramatic Theme,More,6AccmjV8Q5cEUZ2tvS8s6c,1969-07-27,4572xNdecYYfXEke0hvbfz,0.209999993443489,0.5080000162124634,2.2641666666666667,0.3260000050067901,0.4580000042915344,5,0.0780000016093254,-14.104000091552734,1,0.031599998474121,113.20700073242188,4,0.2249999940395355,33,50
0k17h0D3J5VfsdmQ1iZtE9,Pink Floyd,Atom Heart Mother,Atom Heart Mother,2cUpAOlQjV5uSjkWj5bEQY,1970-10-05,1Pt7RPrjEQfzpPA9PS5aZj,0.7850000262260437,0.2660000026226043,23.690916666666663,0.2160000056028366,0.8849999904632568,9,0.0807000026106834,-16.000999450683594,0,0.0333000011742115,137.55799865722656,4,0.091899998486042,47,50
0k17h0D3J5VfsdmQ1iZtE9,Pink Floyd,If,Atom Heart Mother,2cUpAOlQjV5uSjkWj5bEQY,1970-10-05,63brgJhrcNFW8ncUhM1mhG,0.9179999828338624,0.5120000243186951,4.512883333333333,0.1030000001192092,0.6370000243186951,6,0.1080000028014183,-21.981000900268555,0,0.0294000003486871,103.29399871826172,4,0.19200000166893,48,50
0k17h0D3J5VfsdmQ1iZtE9,Pink Floyd,Summer '68,Atom Heart Mother,2cUpAOlQjV5uSjkWj5bEQY,1970-10-05,5MZALWjwQRX0RsZt31HlNP,0.4180000126361847,0.231000006198883,5.482666666666667,0.4280000030994415,0.4880000054836273,2,0.0910999998450279,-10.62600040435791,1,0.0278999991714954,165.1719970703125,4,0.3260000050067901,47,50
0k17h0D3J5VfsdmQ1iZtE9,Pink Floyd,Fat Old Sun,Atom Heart Mother,2cUpAOlQjV5uSjkWj5bEQY,1970-10-05,5qlckstqDQ2RskL0SJsDYx,0.3529999852180481,0.3680000007152557,5.39555,0.2039999961853027,0.4399999976158142,0,0.8230000138282776,-15.777999877929688,1,0.0318999998271465,72.66699981689453,4,0.2000000029802322,46,50
0k17h0D3J5VfsdmQ1iZtE9,Pink Floyd,Alan's Psychedelic Breakfast,Atom Heart Mother,2cUpAOlQjV5uSjkWj5bEQY,1970-10-05,1oYeGnAbyODhUHO4jOMW9v,0.4390000104904175,0.3700000047683716,12.983133333333331,0.2720000147819519,0.3350000083446502,6,0.0494999997317791,-19.375999450683597,0,0.0588999986648559,144.8979949951172,4,0.1940000057220459,42,50
0k17h0D3J5VfsdmQ1iZtE9,Pink Floyd,Cluster One,The Division Bell,5F0IQXuHfTV7SBvZVnXERl,1994-01-01,0iJfN2CqrX7O8hkzgAMMAf,0.7670000195503235,0.2220000028610229,5.927233333333334,0.0555000007152557,0.9229999780654908,0,0.1180000007152557,-22.118000030517575,1,0.0320999994874,98.94100189208984,4,0.032999999821186,51,66
0k17h0D3J5VfsdmQ1iZtE9,Pink Floyd,What Do You Want from Me,The Division Bell,5F0IQXuHfTV7SBvZVnXERl,1994-01-01,3Tsh9pjiJ5cvmuiZALdgVz,0.1129999980330467,0.5149999856948853,4.359783333333334,0.5649999976158142,1.3500000022759195e-05,4,0.1220000013709068,-9.54699993133545,1,0.0304000005125999,104.37799835205078,4,0.3740000128746032,60,66
0k17h0D3J5VfsdmQ1iZtE9,Pink Floyd,Poles Apart,The Division Bell,5F0IQXuHfTV7SBvZVnXERl,1994-01-01,6uE9hF8fIb6shBXrrzA12U,0.3000000119209289,0.1620000004768371,7.051066666666666,0.4110000133514404,0.0775000005960464,7,0.6869999766349792,-11.333000183105469,1,0.0346999987959861,61.417999267578125,4,0.2469999939203262,57,66
0k17h0D3J5VfsdmQ1iZtE9,Pink Floyd,Marooned,The Division Bell,5F0IQXuHfTV7SBvZVnXERl,1994-01-01,6bIPHR8AJG5HAcn9oF21Ma,0.3860000073909759,0.4120000004768371,5.5064166666666665,0.3400000035762787,0.5740000009536743,7,0.1199999973177909,-14.836000442504885,1,0.0294000003486871,74.21199798583984,4,0.1439999938011169,60,66
0k17h0D3J5VfsdmQ1iZtE9,Pink Floyd,A Great Day for Freedom,The Division Bell,5F0IQXuHfTV7SBvZVnXERl,1994-01-01,2dxfyqdrI8XVOT3H1YcOsU,0.6259999871253967,0.3840000033378601,4.2831,0.3479999899864197,0.0012400000123307,0,0.2360000014305114,-12.23900032043457,1,0.0293000005185604,84.31099700927734,3,0.2639999985694885,51,66
0k17h0D3J5VfsdmQ1iZtE9,Pink Floyd,Wearing the Inside Out,The Division Bell,5F0IQXuHfTV7SBvZVnXERl,1994-01-01,2GoeLsETNdx8lRoWW2aeNj,0.3070000112056732,0.6019999980926514,6.820916666666666,0.4259999990463257,0.046799998730421,10,0.1040000021457672,-15.31700038909912,1,0.0403999984264373,122.39900207519533,4,0.3630000054836273,52,66
0k17h0D3J5VfsdmQ1iZtE9,Pink Floyd,Take It Back,The Division Bell,5F0IQXuHfTV7SBvZVnXERl,1994-01-01,325toqbCzE1g1pYIED7U4C,0.1330000013113021,0.4690000116825104,6.203766666666667,0.6019999980926514,0.0061300001107156,7,0.2730000019073486,-11.156000137329102,1,0.0288999993354082,112.427001953125,4,0.1309999972581863,57,66
0k17h0D3J5VfsdmQ1iZtE9,Pink Floyd,Coming Back to Life,The Division Bell,5F0IQXuHfTV7SBvZVnXERl,1994-01-01,1bQ4zbP8Fo0qAePTSOfYji,0.4639999866485595,0.2860000133514404,6.320683333333333,0.4990000128746032,0.0006820000126026,0,0.1019999980926513,-11.095999717712402,1,0.0439999997615814,176.43699645996094,4,0.1449999958276748,61,66
0k17h0D3J5VfsdmQ1iZtE9,Pink Floyd,Keep Talking,The Division Bell,5F0IQXuHfTV7SBvZVnXERl,1994-01-01,0vI64OhYqTo6KYswDlx0yT,0.1879999935626983,0.4959999918937683,6.177783333333333,0.7710000276565552,0.009290000423789,4,0.0788000002503395,-11.937999725341797,0,0.0527999997138977,100.2979965209961,4,0.2399999946355819,53,66
0k17h0D3J5VfsdmQ1iZtE9,Pink Floyd,Lost for Words,The Division Bell,5F0IQXuHfTV7SBvZVnXERl,1994-01-01,4Ev1LZ4uzjnSvDHpgdyBZK,0.1280000060796737,0.5989999771118164,5.24935,0.3989999890327453,0.0034199999645352,0,0.7120000123977661,-14.013999938964844,1,0.0248000007122755,96.3270034790039,4,0.2220000028610229,58,66
0k17h0D3J5VfsdmQ1iZtE9,Pink Floyd,High Hopes,The Division Bell,5F0IQXuHfTV7SBvZVnXERl,1994-01-01,5a4MgIUSf9K8wXLSm6xPEx,0.202000007033348,0.5199999809265137,8.516083333333333,0.4110000133514404,0.152999997138977,0,0.3510000109672546,-12.53600025177002,0,0.025000000372529,75.23500061035156,4,0.2800000011920929,59,66
0k17h0D3J5VfsdmQ1iZtE9,Pink Floyd,"Sysyphus, Pt. 1",Ummagumma,3IPhWIXHOAhS2npnq6FiCG,1969-10-25,4nvAMzXUzlVcfjLa7KxOe2,0.0143999997526407,0.09740000218153,1.1280333333333334,0.2809999883174896,0.9279999732971193,7,0.3370000123977661,-9.13700008392334,0,0.0388999991118907,84.16600036621094,5,0.289000004529953,31,45
0k17h0D3J5VfsdmQ1iZtE9,Pink Floyd,"Sysyphus, Pt. 2",Ummagumma,3IPhWIXHOAhS2npnq6FiCG,1969-10-25,6tjF3ty70qWIu4OIBzP75K,0.9710000157356262,0.1909999996423721,3.50045,0.6330000162124634,0.9160000085830688,9,0.1550000011920929,-14.164999961853027,0,0.0381999984383583,88.24800109863281,3,0.1599999964237213,31,45
0k17h0D3J5VfsdmQ1iZtE9,Pink Floyd,"Sysyphus, Pt. 3",Ummagumma,3IPhWIXHOAhS2npnq6FiCG,1969-10-25,4Fqevhw2LYckHoKJlNMWQp,0.5609999895095825,0.3720000088214874,1.8282166666666664,0.8399999737739563,0.6949999928474426,0,0.2639999985694885,-11.633000373840332,1,0.0443999990820884,88.97599792480469,4,0.1340000033378601,29,45
0k17h0D3J5VfsdmQ1iZtE9,Pink Floyd,"Sysyphus, Pt. 4",Ummagumma,3IPhWIXHOAhS2npnq6FiCG,1969-10-25,1PaiKdq5vIqoQ1OuQminON,0.7210000157356262,0.1500000059604644,6.99845,0.324999988079071,0.5879999995231628,8,0.1360000073909759,-13.906000137329102,0,0.0654999986290931,137.06399536132812,4,0.0627999976277351,30,45
0k17h0D3J5VfsdmQ1iZtE9,Pink Floyd,Grantchester Meadows,Ummagumma,3IPhWIXHOAhS2npnq6FiCG,1969-10-25,2twOdZ7eEp1uyG2bzqlCz9,0.4460000097751617,0.4519999921321869,7.459116666666667,0.1360000073909759,0.1120000034570694,4,0.4480000138282776,-25.597000122070312,1,0.3709999918937683,118.29499816894533,4,0.449999988079071,38,45
0k17h0D3J5VfsdmQ1iZtE9,Pink Floyd,Several Species of Small Furry Animals Gathered Together in a Cave and Grooving with a Pict,Ummagumma,3IPhWIXHOAhS2npnq6FiCG,1969-10-25,63M8OHzd0lcVT517Pnon81,0.7059999704360962,0.4329999983310699,4.977333333333333,0.6620000004768372,0.0096199996769428,7,0.4230000078678131,-18.18099975585937,1,0.890999972820282,82.39399719238281,4,0.1979999989271164,34,45
0k17h0D3J5VfsdmQ1iZtE9,Pink Floyd,"The Narrow Way, Pt. 1",Ummagumma,3IPhWIXHOAhS2npnq6FiCG,1969-10-25,1yZqNn4TSQ9cpdahcFXfwI,0.6470000147819519,0.4000000059604645,3.4764666666666666,0.3350000083446502,0.7789999842643738,7,0.8130000233650208,-12.994999885559082,1,0.0337000004947185,169.04100036621094,4,0.1230000033974647,34,45
0k17h0D3J5VfsdmQ1iZtE9,Pink Floyd,"The Narrow Way, Pt. 2",Ummagumma,3IPhWIXHOAhS2npnq6FiCG,1969-10-25,1OJP1r3sh6yVwMOYZFG4vk,0.9330000281333924,0.2249999940395355,2.8875333333333333,0.8989999890327454,0.7919999957084656,11,0.6880000233650208,-10.005000114440918,1,0.1580000072717666,100.77899932861328,3,0.2160000056028366,30,45
0k17h0D3J5VfsdmQ1iZtE9,Pink Floyd,"The Narrow Way, Pt. 3",Ummagumma,3IPhWIXHOAhS2npnq6FiCG,1969-10-25,6n8xwCfq8u2AmbZWVG6Lyv,0.0262000001966953,0.3519999980926513,5.961783333333333,0.4449999928474426,0.0272000003606081,9,0.1030000001192092,-10.64799976348877,1,0.0310999993234872,129.50900268554688,4,0.0425999984145164,33,45
0k17h0D3J5VfsdmQ1iZtE9,Pink Floyd,"The Grand Vizier's Garden Party, Pt. 1 (Entrance)",Ummagumma,3IPhWIXHOAhS2npnq6FiCG,1969-10-25,28YzSSMbcwjtj5OsN0w2hE,0.9890000224113464,0.2240000069141388,0.9928833333333332,0.2269999980926513,0.8019999861717224,7,0.1199999973177909,-16.285999298095703,1,0.0511000007390975,82.69100189208984,5,0.3589999973773956,29,45
0k17h0D3J5VfsdmQ1iZtE9,Pink Floyd,"The Grand Vizier's Garden Party, Pt. 2 (Entertainment)",Ummagumma,3IPhWIXHOAhS2npnq6FiCG,1969-10-25,6dHuA6rCZDWm17Rv1hyZBT,0.6320000290870667,0.3700000047683716,7.099116666666666,0.2349999994039535,0.4839999973773956,2,0.1609999984502792,-18.40399932861328,1,0.1739999949932098,77.86499786376953,4,0.1550000011920929,28,45
0k17h0D3J5VfsdmQ1iZtE9,Pink Floyd,"The Grand Vizier's Garden Party, Pt. 3 (Exit)",Ummagumma,3IPhWIXHOAhS2npnq6FiCG,1969-10-25,4Dk7ln90TotTGBCXpZYJEX,0.9950000047683716,0.202000007033348,0.663,0.1389999985694885,0.3269999921321869,7,0.1679999977350235,-22.08799934387207,1,0.0553000010550022,89.04499816894531,3,0.1420000046491623,27,45
