artist_id,artist_name,track_name,album_name,album_id,release_date,track_id,acousticness,danceability,duration,energy,instrumentalness,key,liveness,loudness,mode,speechiness,tempo,time_signature,valence
0k17h0D3J5VfsdmQ1iZtE9,Pink Floyd,Astronomy Domine,The Piper at the Gates of Dawn,2Se4ZylF9NkFGD92yv1aZC,1967-08-05,3Y8gNcoJu1uJ5L1BZuGvqB,0.3779999911785126,0.3479999899864197,4.187983333333333,0.6340000033378601,0.4740000069141388,2,0.34599998593330383,-11.527000427246094,1,0.04800000041723251,124.0790023803711,4,0.08030000329017639
0k17h0D3J5VfsdmQ1iZtE9,Pink Floyd,Lucifer Sam,The Piper at the Gates of Dawn,2Se4ZylF9NkFGD92yv1aZC,1967-08-05,0lT4imdjSzpCtooUccYAKj,0.5040000081062317,0.3490000069141388,3.1233333333333335,0.7440000176429749,0.00015700000221841037,7,0.2549999952316284,-11.550999641418457,1,0.03840000182390213,140.7779998779297,4,0.5490000247955322
0k17h0D3J5VfsdmQ1iZtE9,Pink Floyd,Matilda Mother,The Piper at the Gates of Dawn,2Se4ZylF9NkFGD92yv1aZC,1967-08-05,6SlI8JYwFaESqre47wrQZz,0.5410000085830688,0.25099998712539673,3.14155,0.4099999964237213,0.0004250000056345016,4,0.16200000047683716,-10.619999885559082,1,0.0348999984562397,119.96700286865234,4,0.28200000524520874
0k17h0D3J5VfsdmQ1iZtE9,Pink Floyd,Flaming,The Piper at the Gates of Dawn,2Se4ZylF9NkFGD92yv1aZC,1967-08-05,4r74qNo5usVTNhBZwo1Hg6,0.3179999887943268,0.4009999930858612,2.767333333333333,0.5329999923706055,4.360000093583949e-05,9,0.12300000339746475,-10.347000122070312,1,0.033900000154972076,130.53799438476562,3,0.33399999141693115
0k17h0D3J5VfsdmQ1iZtE9,Pink Floyd,Pow R. Toc H.,The Piper at the Gates of Dawn,2Se4ZylF9NkFGD92yv1aZC,1967-08-05,0X0SM0KFf88MFvvnJNmi6D,0.6320000290870667,0.4090000092983246,4.43845,0.40400001406669617,0.8619999885559082,2,0.375,-14.282999992370605,0,0.041999999433755875,121.50900268554688,4,0.5540000200271606
0k17h0D3J5VfsdmQ1iZtE9,Pink Floyd,Take Up Thy Stethoscope and Walk,The Piper at the Gates of Dawn,2Se4ZylF9NkFGD92yv1aZC,1967-08-05,6q3URBXG6Tr9pMU0bOlvrc,0.044199999421834946,0.3310000002384186,3.1008833333333334,0.7749999761581421,0.061000000685453415,9,0.06989999860525131,-10.710000038146973,1,0.11699999868869781,151.2010040283203,4,0.6610000133514404
0k17h0D3J5VfsdmQ1iZtE9,Pink Floyd,Interstellar Overdrive,The Piper at the Gates of Dawn,2Se4ZylF9NkFGD92yv1aZC,1967-08-05,3xyTufSSGLP3oZnomceAVW,0.7670000195503235,0.23000000417232513,9.6786,0.7039999961853027,0.8700000047683716,2,0.1120000034570694,-10.975000381469727,1,0.05689999833703041,94.37100219726562,4,0.3089999854564667
0k17h0D3J5VfsdmQ1iZtE9,Pink Floyd,The Gnome,The Piper at the Gates of Dawn,2Se4ZylF9NkFGD92yv1aZC,1967-08-05,1GqRmuG89ILDLcuAdcli6r,0.6549999713897705,0.5339999794960022,2.23185,0.3529999852180481,0.0,2,0.09749999642372131,-12.26099967956543,1,0.029999999329447746,115.97799682617188,4,0.3709999918937683
0k17h0D3J5VfsdmQ1iZtE9,Pink Floyd,Chapter 24,The Piper at the Gates of Dawn,2Se4ZylF9NkFGD92yv1aZC,1967-08-05,0j9iv7tRpEpTGSGpkCMJve,0.7039999961853027,0.23600000143051147,3.707116666666667,0.37599998712539673,0.0008379999781027436,2,0.060600001364946365,-10.897000312805176,1,0.0340999998152256,125.90299987792969,4,0.34200000762939453
0k17h0D3J5VfsdmQ1iZtE9,Pink Floyd,The Scarecrow,The Piper at the Gates of Dawn,2Se4ZylF9NkFGD92yv1aZC,1967-08-05,1aV8FeJiQpZXFY35rLNNu0,0.38499999046325684,0.5590000152587891,2.1877833333333334,0.33899998664855957,0.7820000052452087,2,0.026100000366568565,-13.581000328063965,1,0.06199999898672104,155.14999389648438,3,0.9210000038146973
0k17h0D3J5VfsdmQ1iZtE9,Pink Floyd,Bike,The Piper at the Gates of Dawn,2Se4ZylF9NkFGD92yv1aZC,1967-08-05,4gJrRkskBk1oyooA4qm67a,0.8330000042915344,0.4180000126361847,3.3504,0.7850000262260437,1.0900000233959872e-05,7,0.7639999985694885,-10.586999893188477,1,0.1850000023841858,114.5199966430664,4,0.2329999953508377
0k17h0D3J5VfsdmQ1iZtE9,Pink Floyd,Let There Be More Light,A Saucerful of Secrets,2vnJKtGjZXRUg0mYPZ3HGH,1968-06-29,5xUz3xvyPPrNfnBrh9IOZa,0.6890000104904175,0.1599999964237213,5.612133333333333,0.6150000095367432,0.8610000014305115,0,0.15299999713897705,-8.897000312805176,1,0.03579999879002571,77.39299774169922,4,0.3019999861717224
0k17h0D3J5VfsdmQ1iZtE9,Pink Floyd,Remember a Day,A Saucerful of Secrets,2vnJKtGjZXRUg0mYPZ3HGH,1968-06-29,2YcxeBmk9hvMH7RFFyqnIr,0.23000000417232513,0.33399999141693115,4.54755,0.6510000228881836,0.6309999823570251,11,0.08980000019073486,-11.734000205993652,0,0.04019999876618385,121.95500183105469,4,0.3409999907016754
0k17h0D3J5VfsdmQ1iZtE9,Pink Floyd,Set the Controls for the Heart of the Sun,A Saucerful of Secrets,2vnJKtGjZXRUg0mYPZ3HGH,1968-06-29,6p9UFDNfGrzS5Byd2r9KPk,0.6729999780654907,0.2980000078678131,5.46645,0.3269999921321869,0.9049999713897705,9,0.07859999686479568,-14.416999816894531,1,0.048500001430511475,130.57400512695312,4,0.3330000042915344
0k17h0D3J5VfsdmQ1iZtE9,Pink Floyd,Corporal Clegg,A Saucerful of Secrets,2vnJKtGjZXRUg0mYPZ3HGH,1968-06-29,0GML1aXwt0GJH8XRvcH7Fl,0.3179999887943268,0.20200000703334808,4.20845,0.7459999918937683,0.002730000065639615,2,0.1379999965429306,-7.9670000076293945,1,0.06610000133514404,175.78500366210938,4,0.5289999842643738
0k17h0D3J5VfsdmQ1iZtE9,Pink Floyd,A Saucerful of Secrets,A Saucerful of Secrets,2vnJKtGjZXRUg0mYPZ3HGH,1968-06-29,0OtkNB4TnTzrlid4zipYDV,0.22699999809265137,0.13699999451637268,11.944883333333333,0.777999997138977,0.8999999761581421,11,0.10599999874830246,-12.711000442504883,1,0.210999995470047,87.70500183105469,4,0.03519999980926514
0k17h0D3J5VfsdmQ1iZtE9,Pink Floyd,See-Saw,A Saucerful of Secrets,2vnJKtGjZXRUg0mYPZ3HGH,1968-06-29,4bnu1f2cbv0YYJrPeV4dIF,0.44999998807907104,0.30799999833106995,4.614216666666667,0.375,0.025200000032782555,2,0.2070000022649765,-10.786999702453613,1,0.02800000086426735,83.23300170898438,3,0.18400000035762787
0k17h0D3J5VfsdmQ1iZtE9,Pink Floyd,Jugband Blues,A Saucerful of Secrets,2vnJKtGjZXRUg0mYPZ3HGH,1968-06-29,7L1n9EL0Sh0LMOyxDI7rxr,0.2919999957084656,0.3230000138282776,3.00875,0.42100000381469727,0.0020800000056624413,4,0.23999999463558197,-9.048999786376953,0,0.04019999876618385,116.46600341796875,4,0.14800000190734863
0k17h0D3J5VfsdmQ1iZtE9,Pink Floyd,One of These Days,Meddle,468ZwCchVtzEbt9BHmXopb,1971-11-11,6uU0Hu8oVk9gBihokcrDMH,0.00610999995842576,0.38100001215934753,5.910216666666667,0.5059999823570251,0.8460000157356262,4,0.5350000262260437,-15.093999862670898,1,0.046799998730421066,103.80599975585938,4,0.4000000059604645
0k17h0D3J5VfsdmQ1iZtE9,Pink Floyd,A Pillow of Winds,Meddle,468ZwCchVtzEbt9BHmXopb,1971-11-11,7krbQbYq63hcwVMNW1R0tD,0.4519999921321869,0.3700000047683716,5.214883333333334,0.210999995470047,0.0016599999507889152,9,0.08569999784231186,-16.11400032043457,1,0.031199999153614044,142.70799255371094,4,0.22300000488758087
0k17h0D3J5VfsdmQ1iZtE9,Pink Floyd,Fearless,Meddle,468ZwCchVtzEbt9BHmXopb,1971-11-11,7AalBKBoLDR4UmRYRJpdbj,0.1599999964237213,0.3799999952316284,6.132216666666666,0.3409999907016754,0.040800001472234726,7,0.4480000138282776,-15.718999862670898,1,0.04179999977350235,143.718994140625,4,0.17900000512599945
0k17h0D3J5VfsdmQ1iZtE9,Pink Floyd,San Tropez,Meddle,468ZwCchVtzEbt9BHmXopb,1971-11-11,3kbUFmLV5SHVQonfOpNgkd,0.17100000381469727,0.6909999847412109,3.717783333333333,0.3240000009536743,0.021900000050663948,0,0.0674000009894371,-15.366999626159668,1,0.044599998742341995,121.66400146484375,4,0.5429999828338623
0k17h0D3J5VfsdmQ1iZtE9,Pink Floyd,Seamus,Meddle,468ZwCchVtzEbt9BHmXopb,1971-11-11,05lNdqc6FhcsxCfS8lJzyE,0.8069999814033508,0.5360000133514404,2.247333333333333,0.0869000032544136,0.10899999737739563,2,0.10199999809265137,-22.91200065612793,1,0.03830000013113022,71.76399993896484,4,0.3580000102519989
0k17h0D3J5VfsdmQ1iZtE9,Pink Floyd,Echoes,Meddle,468ZwCchVtzEbt9BHmXopb,1971-11-11,7kriFJLY2KOhw5en9iI2jb,0.3659999966621399,0.2849999964237213,23.54085,0.32199999690055847,0.6510000228881836,6,0.10700000077486038,-16.579999923706055,0,0.04399999976158142,134.04200744628906,4,0.1420000046491623
0k17h0D3J5VfsdmQ1iZtE9,Pink Floyd,Obscured by Clouds,Obscured by Clouds,00BBpx0gG4KfQtxSJBPKUZ,1972-06-03,3c8LKbUsjW9lMYQzVScXQT,0.013299999758601189,0.30300000309944153,3.0673333333333335,0.3409999907016754,0.6819999814033508,2,0.10599999874830246,-14.550999641418457,1,0.02710000053048134,164.37100219726562,4,0.03799999877810478
0k17h0D3J5VfsdmQ1iZtE9,Pink Floyd,When You're In,Obscured by Clouds,00BBpx0gG4KfQtxSJBPKUZ,1972-06-03,32s9tDIJi5HBI9iE2NQ3dn,0.026100000366568565,0.5370000004768372,2.5202166666666668,0.6320000290870667,0.8930000066757202,2,0.13500000536441803,-12.506999969482422,1,0.0649000033736229,164.0970001220703,4,0.1889999955892563
0k17h0D3J5VfsdmQ1iZtE9,Pink Floyd,Burning Bridges,Obscured by Clouds,00BBpx0gG4KfQtxSJBPKUZ,1972-06-03,7eevs3p1r2gE7EMHQ6NHmz,0.22599999606609344,0.42800000309944153,3.50555,0.22499999403953552,0.0003490000090096146,8,0.11599999666213989,-14.925999641418457,1,0.028999999165534973,117.83899688720703,4,0.13899999856948853
0k17h0D3J5VfsdmQ1iZtE9,Pink Floyd,The Gold It's in the...,Obscured by Clouds,00BBpx0gG4KfQtxSJBPKUZ,1972-06-03,2ON80h9ZjmY0WBpVz8OPjU,3.769999966607429e-05,0.5070000290870667,3.13045,0.5059999823570251,0.0006949999951757491,11,0.10499999672174454,-11.746000289916992,0,0.04089999943971634,117.55400085449219,4,0.38600000739097595
0k17h0D3J5VfsdmQ1iZtE9,Pink Floyd,Wot's...Uh the Deal,Obscured by Clouds,00BBpx0gG4KfQtxSJBPKUZ,1972-06-03,6zGFOp6rJZbYSp9DQO5AHY,0.20399999618530273,0.4790000021457672,5.151783333333333,0.3240000009536743,0.0,7,0.06750000268220901,-16.000999450683594,1,0.025499999523162842,86.75,4,0.5709999799728394
0k17h0D3J5VfsdmQ1iZtE9,Pink Floyd,Mudmen,Obscured by Clouds,00BBpx0gG4KfQtxSJBPKUZ,1972-06-03,5F7YHcQPCRUNfUehsjgAu1,0.503000020980835,0.31299999356269836,4.29845,0.24899999797344208,0.5410000085830688,8,0.12399999797344208,-12.951000213623047,1,0.029500000178813934,103.25399780273438,4,0.11599999666213989
0k17h0D3J5VfsdmQ1iZtE9,Pink Floyd,Childhood's End,Obscured by Clouds,00BBpx0gG4KfQtxSJBPKUZ,1972-06-03,4fnJmewCdmTfErfSYSysyM,0.24400000274181366,0.6710000038146973,4.55645,0.38499999046325684,0.00016700000560376793,9,0.08720000088214874,-13.486000061035156,1,0.0414000004529953,125.08000183105469,4,0.19300000369548798
0k17h0D3J5VfsdmQ1iZtE9,Pink Floyd,Free Four,Obscured by Clouds,00BBpx0gG4KfQtxSJBPKUZ,1972-06-03,4pfuHQ4hdkUyDEYsMhgXHm,0.010700000450015068,0.6949999928474426,4.2797833333333335,0.3880000114440918,0.0021800000686198473,7,0.05829999968409538,-12.850000381469727,1,0.032600000500679016,124.41200256347656,4,0.6389999985694885
0k17h0D3J5VfsdmQ1iZtE9,Pink Floyd,Stay,Obscured by Clouds,00BBpx0gG4KfQtxSJBPKUZ,1972-06-03,2loweLvzkHJTe7sbbw1nO8,0.8190000057220459,0.4449999928474426,4.1291166666666665,0.2639999985694885,0.0008740000193938613,7,0.10300000011920929,-12.888999938964844,1,0.029600000008940697,114.69000244140625,4,0.22499999403953552
0k17h0D3J5VfsdmQ1iZtE9,Pink Floyd,Absolutely Curtains,Obscured by Clouds,00BBpx0gG4KfQtxSJBPKUZ,1972-06-03,6an16oJkgHMlEgTMgtfIP9,0.09589999914169312,0.20100000500679016,5.841116666666666,0.23000000417232513,0.6060000061988831,7,0.09390000253915787,-19.229999542236328,0,0.039900001138448715,131.06300354003906,1,0.03680000081658363
0k17h0D3J5VfsdmQ1iZtE9,Pink Floyd,Speak to Me,The Dark Side of the Moon,4LH4d3cOWNNsVw41Gqt2kv,1973-03-01,574y1r7o2tRA009FW0LE7v,0.3619999885559082,0.5920000076293945,1.0885666666666667,0.019600000232458115,0.8539999723434448,1,0.1080000028014183,-33.349998474121094,1,0.03579999879002571,119.50399780273438,4,0.031199999153614044
0k17h0D3J5VfsdmQ1iZtE9,Pink Floyd,Breathe (In the Air),The Dark Side of the Moon,4LH4d3cOWNNsVw41Gqt2kv,1973-03-01,2ctvdKmETyOzPb2GiJJT53,0.39100000262260437,0.4309999942779541,2.8255833333333333,0.375,0.7210000157356262,11,0.14300000667572021,-15.142000198364258,0,0.034699998795986176,128.1529998779297,4,0.257999986410141
0k17h0D3J5VfsdmQ1iZtE9,Pink Floyd,On the Run,The Dark Side of the Moon,4LH4d3cOWNNsVw41Gqt2kv,1973-03-01,73OIUNKRi2y24Cu9cOLrzM,0.6499999761581421,0.3880000114440918,3.7564166666666665,0.5630000233650208,0.9020000100135803,7,0.10400000214576721,-21.191999435424805,1,0.06279999762773514,165.39300537109375,4,0.13699999451637268
0k17h0D3J5VfsdmQ1iZtE9,Pink Floyd,Time,The Dark Side of the Moon,4LH4d3cOWNNsVw41Gqt2kv,1973-03-01,3TO7bbrUKrOSPGRTB5MeCz,0.5210000276565552,0.3580000102519989,6.899116666666667,0.47999998927116394,0.004279999993741512,9,0.17800000309944153,-11.789999961853027,1,0.08489999920129776,120.31700134277344,4,0.35600000619888306
0k17h0D3J5VfsdmQ1iZtE9,Pink Floyd,The Great Gig in the Sky,The Dark Side of the Moon,4LH4d3cOWNNsVw41Gqt2kv,1973-03-01,2TjdnqlpwOjhijHCwHCP2d,0.7680000066757202,0.2750000059604645,4.7312,0.2160000056028366,0.8970000147819519,5,0.08320000022649765,-13.817999839782715,1,0.03449999913573265,116.38800048828125,4,0.1809999942779541
0k17h0D3J5VfsdmQ1iZtE9,Pink Floyd,Money,The Dark Side of the Moon,4LH4d3cOWNNsVw41Gqt2kv,1973-03-01,0vFOzaXqZHahrZp6enQwQb,0.02410000003874302,0.4690000116825104,6.380566666666667,0.5370000004768372,0.0020099999383091927,9,0.26899999380111694,-10.420999526977539,1,0.15199999511241913,124.19300079345703,1,0.7829999923706055
0k17h0D3J5VfsdmQ1iZtE9,Pink Floyd,Us and Them,The Dark Side of the Moon,4LH4d3cOWNNsVw41Gqt2kv,1973-03-01,1TKTiKp3zbNgrBH2IwSwIx,0.8629999756813049,0.35600000619888306,7.8204,0.3019999861717224,0.5460000038146973,2,0.6340000033378601,-14.527999877929688,1,0.03460000082850456,72.62300109863281,4,0.12600000202655792
0k17h0D3J5VfsdmQ1iZtE9,Pink Floyd,Any Colour You Like,The Dark Side of the Moon,4LH4d3cOWNNsVw41Gqt2kv,1973-03-01,6FBPOJLxUZEair6x4kLDhf,0.19699999690055847,0.2770000100135803,3.4404833333333333,0.671999990940094,0.9350000023841858,0,0.4230000078678131,-12.581999778747559,1,0.09009999781847,150.58799743652344,4,0.5049999952316284
0k17h0D3J5VfsdmQ1iZtE9,Pink Floyd,Brain Damage,The Dark Side of the Moon,4LH4d3cOWNNsVw41Gqt2kv,1973-03-01,05uGBKRCuePsf43Hfm0JwX,0.07259999960660934,0.32199999690055847,3.7777833333333333,0.26499998569488525,0.3400000035762787,2,0.3659999966621399,-13.39799976348877,1,0.03020000085234642,133.57699584960938,4,0.2070000022649765
0k17h0D3J5VfsdmQ1iZtE9,Pink Floyd,Eclipse,The Dark Side of the Moon,4LH4d3cOWNNsVw41Gqt2kv,1973-03-01,1tDWVeCR9oWGX8d5J9rswk,0.05909999832510948,0.35899999737739563,2.1738166666666667,0.5789999961853027,0.7459999918937683,10,0.06859999895095825,-10.765000343322754,1,0.0406000018119812,68.10199737548828,4,0.13500000536441803
0k17h0D3J5VfsdmQ1iZtE9,Pink Floyd,Shine On You Crazy Diamond (Pts. 1-5),Wish You Were Here,0bCAjiUamIFqKJsekOYuRw,1975-09-12,6pnwfWyaWjQiHCKTiZLItr,0.7710000276565552,0.26600000262260437,13.51795,0.2939999997615814,0.6970000267028809,7,0.10700000077486038,-11.937999725341797,0,0.029100000858306885,137.9409942626953,3,0.03970000147819519
0k17h0D3J5VfsdmQ1iZtE9,Pink Floyd,Welcome to the Machine,Wish You Were Here,0bCAjiUamIFqKJsekOYuRw,1975-09-12,5VWC7v2dC2K0SIIjT9WTLN,0.5199999809265137,0.38199999928474426,7.528016666666667,0.36000001430511475,0.17100000381469727,0,0.0746999979019165,-12.442000389099121,1,0.0364999994635582,133.2729949951172,4,0.03620000183582306
0k17h0D3J5VfsdmQ1iZtE9,Pink Floyd,Have a Cigar,Wish You Were Here,0bCAjiUamIFqKJsekOYuRw,1975-09-12,3CmHvyZQQAGkKkTjTBFWN6,0.40700000524520874,0.45399999618530273,5.1288833333333335,0.6499999761581421,0.049800001084804535,4,0.5889999866485596,-10.190999984741211,0,0.043699998408555984,120.15399932861328,4,0.7200000286102295
0k17h0D3J5VfsdmQ1iZtE9,Pink Floyd,Wish You Were Here,Wish You Were Here,0bCAjiUamIFqKJsekOYuRw,1975-09-12,6mFkJmJqdDVQ1REhVfGgd1,0.7350000143051147,0.48100000619888306,5.579066666666667,0.2619999945163727,0.01140000019222498,7,0.8320000171661377,-15.729999542236328,1,0.0414000004529953,122.88300323486328,4,0.375
0k17h0D3J5VfsdmQ1iZtE9,Pink Floyd,Shine On You Crazy Diamond (Pts. 6-9),Wish You Were Here,0bCAjiUamIFqKJsekOYuRw,1975-09-12,21j1PsCiTaO8ZW88UZrh3A,0.5770000219345093,0.28700000047683716,12.455416666666666,0.48500001430511475,0.8980000019073486,7,0.32199999690055847,-13.154999732971191,0,0.049800001084804535,135.86000061035156,3,0.12700000405311584
0k17h0D3J5VfsdmQ1iZtE9,Pink Floyd,Pigs on the Wing 1,Animals,3b4E89rxzZQ9zkhgKpj8N4,1977-01-23,19tHmIQsRnebkyK09m2UXE,0.30000001192092896,0.6639999747276306,1.4046666666666667,0.17100000381469727,0.00107999995816499,7,0.2639999985694885,-20.731000900268555,1,0.04520000144839287,128.63099670410156,3,0.3779999911785126
0k17h0D3J5VfsdmQ1iZtE9,Pink Floyd,Dogs,Animals,3b4E89rxzZQ9zkhgKpj8N4,1977-01-23,2jvuMDqBK04WvCYYz5qjvG,0.07620000094175339,0.32100000977516174,17.088,0.4790000021457672,0.00471000000834465,2,0.1509999930858612,-11.395000457763672,0,0.04899999871850014,109.23899841308594,4,0.13899999856948853
0k17h0D3J5VfsdmQ1iZtE9,Pink Floyd,Pigs (Three Different Ones),Animals,3b4E89rxzZQ9zkhgKpj8N4,1977-01-23,0gEaeqVRHPzRc7HMXtOKc7,0.10199999809265137,0.4189999997615814,11.431333333333333,0.5740000009536743,0.4620000123977661,4,0.8949999809265137,-12.220999717712402,0,0.08900000154972076,129.25999450683594,4,0.3449999988079071
0k17h0D3J5VfsdmQ1iZtE9,Pink Floyd,Sheep,Animals,3b4E89rxzZQ9zkhgKpj8N4,1977-01-23,55e99bv2wlgTYtNEYHWtN1,0.06480000168085098,0.2800000011920929,10.317983333333334,0.7160000205039978,0.5120000243186951,9,0.5120000243186951,-12.095000267028809,0,0.09860000014305115,135.40899658203125,4,0.06159999966621399
0k17h0D3J5VfsdmQ1iZtE9,Pink Floyd,Pigs on the Wing 2,Animals,3b4E89rxzZQ9zkhgKpj8N4,1977-01-23,1OzTJHmUMMYPQpMLxZYHlU,0.25600001215934753,0.5960000157356262,1.44495,0.17000000178813934,4.389999958220869e-05,7,0.07720000296831131,-19.579999923706055,1,0.0430000014603138,128.5850067138672,3,0.4860000014305115
0k17h0D3J5VfsdmQ1iZtE9,Pink Floyd,In the Flesh?,The Wall,5Dbax7G8SWrP9xyzkOvy2F,1979-11-30,24YmWQgunJGAU8El3ndkyn,0.41600000858306885,0.2939999997615814,3.3037,0.48899999260902405,0.3479999899864197,9,0.053700000047683716,-14.57800006866455,1,0.039900001138448715,152.11500549316406,3,0.2680000066757202
0k17h0D3J5VfsdmQ1iZtE9,Pink Floyd,The Thin Ice,The Wall,5Dbax7G8SWrP9xyzkOvy2F,1979-11-30,62zuXt6X5B6YQOBNFV2eXG,0.3540000021457672,0.35899999737739563,2.4386833333333335,0.12800000607967377,0.0018100000452250242,9,0.656000018119812,-16.982999801635742,0,0.03720000013709068,110.3499984741211,3,0.17800000309944153
0k17h0D3J5VfsdmQ1iZtE9,Pink Floyd,"Another Brick in the Wall, Pt. 1",The Wall,5Dbax7G8SWrP9xyzkOvy2F,1979-11-30,7K6xMPtAjTuLPNlJMLf5bS,0.9369999766349792,0.6169999837875366,3.2024333333333335,0.04569999873638153,0.640999972820282,0,0.09910000115633011,-26.400999069213867,1,0.03440000116825104,99.4800033569336,4,0.09669999778270721
0k17h0D3J5VfsdmQ1iZtE9,Pink Floyd,The Happiest Days of Our Lives,The Wall,5Dbax7G8SWrP9xyzkOvy2F,1979-11-30,2O3l4X1yTua8oMMCtazkyo,0.5509999990463257,0.7409999966621399,1.8471,0.23100000619888306,0.746999979019165,9,0.24899999797344208,-18.90999984741211,0,0.04149999842047691,103.99400329589844,4,0.546999990940094
0k17h0D3J5VfsdmQ1iZtE9,Pink Floyd,"Another Brick in the Wall, Pt. 2",The Wall,5Dbax7G8SWrP9xyzkOvy2F,1979-11-30,4gMgiXfqyzZLMhsksGmbQV,0.07810000330209732,0.6940000057220459,3.9791166666666666,0.39399999380111694,0.0006769999745301902,0,0.24699999392032623,-15.880999565124512,1,0.04280000180006027,104.1259994506836,4,0.718999981880188
0k17h0D3J5VfsdmQ1iZtE9,Pink Floyd,Mother,The Wall,5Dbax7G8SWrP9xyzkOvy2F,1979-11-30,1GEOSS415bZVHNuXWlCT6b,0.24300000071525574,0.578000009059906,5.58155,0.15000000596046448,0.007069999817758799,7,0.08250000327825546,-17.334999084472656,1,0.033399999141693115,135.33099365234375,4,0.12099999934434891
0k17h0D3J5VfsdmQ1iZtE9,Pink Floyd,Goodbye Blue Sky,The Wall,5Dbax7G8SWrP9xyzkOvy2F,1979-11-30,0ESdtt9cjGZUkUbaubSrv2,0.8790000081062317,0.6380000114440918,2.787333333333333,0.08110000193119049,0.0031500000040978193,7,0.3140000104904175,-22.645999908447266,1,0.03350000083446503,109.1520004272461,4,0.050200000405311584
0k17h0D3J5VfsdmQ1iZtE9,Pink Floyd,Empty Spaces,The Wall,5Dbax7G8SWrP9xyzkOvy2F,1979-11-30,5yMyLZu4wPvWcbLFiRhYVM,0.18700000643730164,0.5009999871253967,2.1305,0.33799999952316284,0.8619999885559082,11,0.5139999985694885,-19.1200008392334,1,0.03970000147819519,95.94200134277344,4,0.10499999672174454
0k17h0D3J5VfsdmQ1iZtE9,Pink Floyd,Young Lust,The Wall,5Dbax7G8SWrP9xyzkOvy2F,1979-11-30,3xGJuHvSxFJxxYlHj5BIoT,0.05460000038146973,0.6150000095367432,3.4992833333333335,0.550000011920929,0.19099999964237213,11,0.746999979019165,-13.857999801635742,0,0.0348999984562397,95.48500061035156,4,0.5490000247955322
0k17h0D3J5VfsdmQ1iZtE9,Pink Floyd,One of My Turns,The Wall,5Dbax7G8SWrP9xyzkOvy2F,1979-11-30,66YHxyGAUGjMBDdrDlWIMD,0.3050000071525574,0.3149999976158142,3.6133333333333333,0.21799999475479126,0.0012000000569969416,0,0.22599999606609344,-15.21500015258789,1,0.0731000006198883,175.86099243164062,4,0.15600000321865082
0k17h0D3J5VfsdmQ1iZtE9,Pink Floyd,Don't Leave Me Now,The Wall,5Dbax7G8SWrP9xyzkOvy2F,1979-11-30,3QEWEv1tvHmVgsT5THpGDn,0.08470000326633453,0.3019999861717224,4.2655666666666665,0.11100000143051147,0.7770000100135803,9,0.6209999918937683,-19.780000686645508,0,0.0348999984562397,123.02100372314453,3,0.03929999843239784
0k17h0D3J5VfsdmQ1iZtE9,Pink Floyd,"Another Brick in the Wall, Pt. 3",The Wall,5Dbax7G8SWrP9xyzkOvy2F,1979-11-30,5A7eooPKJHtr0UJmatjH4a,0.055399999022483826,0.652999997138977,1.2401833333333334,0.47200000286102295,6.44999963697046e-05,2,0.3970000147819519,-14.79699993133545,1,0.03530000150203705,102.55799865722656,4,0.4480000138282776
0k17h0D3J5VfsdmQ1iZtE9,Pink Floyd,Goodbye Cruel World,The Wall,5Dbax7G8SWrP9xyzkOvy2F,1979-11-30,0ZXkKRO789QKBR6ME7pIDF,0.7820000052452087,0.47099998593330383,1.2238333333333333,0.011800000444054604,0.7990000247955322,2,0.24699999392032623,-31.733999252319336,1,0.040699999779462814,102.88099670410156,4,0.07010000199079514
0k17h0D3J5VfsdmQ1iZtE9,Pink Floyd,Hey You,The Wall,5Dbax7G8SWrP9xyzkOvy2F,1979-11-30,7F02x6EKYIQV3VcTaTm7oN,0.22100000083446503,0.5879999995231628,4.6406833333333335,0.3009999990463257,0.002360000042244792,0,0.12800000607967377,-14.979000091552734,1,0.029400000348687172,112.45800018310547,4,0.1899999976158142
0k17h0D3J5VfsdmQ1iZtE9,Pink Floyd,Is There Anybody Out There?,The Wall,5Dbax7G8SWrP9xyzkOvy2F,1979-11-30,5HAjss9faCAowGY8dM24r6,0.7229999899864197,0.3070000112056732,2.69325,0.07419999688863754,0.30799999833106995,9,0.10999999940395355,-27.159000396728516,0,0.03590000048279762,118.59100341796875,4,0.039400000125169754
0k17h0D3J5VfsdmQ1iZtE9,Pink Floyd,Nobody Home,The Wall,5Dbax7G8SWrP9xyzkOvy2F,1979-11-30,2gTnu5RZNVFVnWdjLnyUA5,0.7099999785423279,0.25099998712539673,3.38935,0.14800000190734863,0.4320000112056732,0,0.10599999874830246,-21.055999755859375,1,0.04309999942779541,208.48599243164062,4,0.05689999833703041
0k17h0D3J5VfsdmQ1iZtE9,Pink Floyd,Vera,The Wall,5Dbax7G8SWrP9xyzkOvy2F,1979-11-30,7FCiDC7ojdm19CJePq6QAe,0.6779999732971191,0.18299999833106995,1.5559333333333334,0.16200000047683716,0.02199999988079071,4,0.11900000274181366,-22.19099998474121,0,0.1509999930858612,34.71699905395508,4,0.08389999717473984
0k17h0D3J5VfsdmQ1iZtE9,Pink Floyd,Bring the Boys Back Home,The Wall,5Dbax7G8SWrP9xyzkOvy2F,1979-11-30,4TUStFzBGQqn0GrkzVWFV4,0.5680000185966492,0.33000001311302185,1.45345,0.28299999237060547,0.093299999833107,0,0.23499999940395355,-15.972999572753906,1,0.061000000685453415,157.96299743652344,4,0.28700000047683716
0k17h0D3J5VfsdmQ1iZtE9,Pink Floyd,Comfortably Numb,The Wall,5Dbax7G8SWrP9xyzkOvy2F,1979-11-30,5HNCy40Ni5BZJFw1TKzRsC,0.15000000596046448,0.47200000286102295,6.371616666666666,0.3659999966621399,0.30799999833106995,11,0.08370000123977661,-12.595000267028809,0,0.028599999845027924,127.16699981689453,4,0.17100000381469727
0k17h0D3J5VfsdmQ1iZtE9,Pink Floyd,The Show Must Go On,The Wall,5Dbax7G8SWrP9xyzkOvy2F,1979-11-30,077OhUjy58qkjscrXjW696,0.4350000023841858,0.5699999928474426,1.6093333333333333,0.1979999989271164,0.125,7,0.2619999945163727,-16.91900062561035,1,0.029400000348687172,129.04800415039062,4,0.32600000500679016
0k17h0D3J5VfsdmQ1iZtE9,Pink Floyd,In the Flesh,The Wall,5Dbax7G8SWrP9xyzkOvy2F,1979-11-30,5OFi9CIyD6s1oENyHapK2W,0.3630000054836273,0.2840000092983246,4.259116666666666,0.45899999141693115,0.5040000081062317,9,0.718999981880188,-14.890999794006348,1,0.03200000151991844,151.79600524902344,3,0.10400000214576721
0k17h0D3J5VfsdmQ1iZtE9,Pink Floyd,Run Like Hell,The Wall,5Dbax7G8SWrP9xyzkOvy2F,1979-11-30,0EaLRxrtnq7Mqhdf8q9txr,0.023499999195337296,0.7160000205039978,4.392883333333334,0.49900001287460327,0.4490000009536743,9,0.8600000143051147,-15.456999778747559,1,0.03539999946951866,116.9739990234375,4,0.41999998688697815
0k17h0D3J5VfsdmQ1iZtE9,Pink Floyd,Waiting for the Worms,The Wall,5Dbax7G8SWrP9xyzkOvy2F,1979-11-30,2DVkYfl2YuOMlRfC98srEG,0.578000009059906,0.5680000185966492,3.9516333333333336,0.4129999876022339,0.005890000145882368,7,0.5350000262260437,-13.593999862670898,1,0.02979999966919422,75.86599731445312,4,0.6669999957084656
0k17h0D3J5VfsdmQ1iZtE9,Pink Floyd,Stop,The Wall,5Dbax7G8SWrP9xyzkOvy2F,1979-11-30,21L1dVOTGhvAKvBXXnTIHj,0.9169999957084656,0.5550000071525574,0.5103666666666666,0.019300000742077827,0.0013599999947473407,9,0.0658000037074089,-29.867000579833984,0,0.04320000112056732,76.11199951171875,4,0.3089999854564667
0k17h0D3J5VfsdmQ1iZtE9,Pink Floyd,The Trial,The Wall,5Dbax7G8SWrP9xyzkOvy2F,1979-11-30,1UMXtudajhlocMzXVSngDU,0.6970000267028809,0.4099999964237213,5.3141,0.3700000047683716,0.00014400000509340316,4,0.210999995470047,-15.756999969482422,0,0.07660000026226044,76.9260025024414,4,0.33000001311302185
0k17h0D3J5VfsdmQ1iZtE9,Pink Floyd,Outside the Wall,The Wall,5Dbax7G8SWrP9xyzkOvy2F,1979-11-30,1nW0lHGLpE1iQDP5Nvt3x1,0.6740000247955322,0.1809999942779541,1.7352333333333334,0.07750000059604645,0.5059999823570251,0,0.09390000253915787,-35.89799880981445,1,0.058800000697374344,115.71099853515625,4,0.45100000500679016
0k17h0D3J5VfsdmQ1iZtE9,Pink Floyd,The Post War Dream,The Final Cut,1yMenUMOx7BpfTDuVQs99y,1983-03-21,1WadE5KTwPPMruyCPSnVos,0.9039999842643738,0.3240000009536743,2.989333333333333,0.12399999797344208,0.00039999998989515007,5,0.4300000071525574,-15.623000144958496,1,0.04960000142455101,116.16300201416016,1,0.36800000071525574
0k17h0D3J5VfsdmQ1iZtE9,Pink Floyd,Your Possible Pasts,The Final Cut,1yMenUMOx7BpfTDuVQs99y,1983-03-21,1IAiDrvZCOx8AHlNZGY5yU,0.6589999794960022,0.44200000166893005,4.438383333333333,0.15199999511241913,0.00011700000322889537,7,0.13199999928474426,-11.854000091552734,1,0.03700000047683716,135.81900024414062,3,0.20100000500679016
0k17h0D3J5VfsdmQ1iZtE9,Pink Floyd,One of the Few,The Final Cut,1yMenUMOx7BpfTDuVQs99y,1983-03-21,2rcpqbAf0ZXdgddldbu1sU,0.3779999911785126,0.36399999260902405,1.2838333333333334,0.02969999983906746,0.800000011920929,2,0.11299999803304672,-25.350000381469727,1,0.04170000180602074,172.0489959716797,4,0.03880000114440918
0k17h0D3J5VfsdmQ1iZtE9,Pink Floyd,When the Tigers Broke Free,The Final Cut,1yMenUMOx7BpfTDuVQs99y,1983-03-21,23ItRtrVX4vF30wGrzfznf,0.7689999938011169,0.2750000059604645,3.2026833333333333,0.23199999332427979,0.0027799999807029963,0,0.42800000309944153,-16.511999130249023,0,0.04179999977350235,83.93499755859375,4,0.05860000103712082
0k17h0D3J5VfsdmQ1iZtE9,Pink Floyd,The Hero's Return,The Final Cut,1yMenUMOx7BpfTDuVQs99y,1983-03-21,0s9iofqbQdsmWZQJ1TZh1c,0.5180000066757202,0.5509999990463257,2.713766666666667,0.35100001096725464,0.005940000060945749,7,0.15000000596046448,-13.76200008392334,1,0.04450000077486038,118.06700134277344,4,0.24799999594688416
0k17h0D3J5VfsdmQ1iZtE9,Pink Floyd,The Gunner's Dream,The Final Cut,1yMenUMOx7BpfTDuVQs99y,1983-03-21,1057KuzIH4fWCyI5Gb5kX2,0.6869999766349792,0.4180000126361847,5.304,0.2840000092983246,0.004569999873638153,7,0.10400000214576721,-14.263999938964844,1,0.05480000004172325,132.66799926757812,4,0.16899999976158142
0k17h0D3J5VfsdmQ1iZtE9,Pink Floyd,Paranoid Eyes,The Final Cut,1yMenUMOx7BpfTDuVQs99y,1983-03-21,1Xmr96UoJusovMbOCSg2N3,0.765999972820282,0.3779999911785126,3.69335,0.07760000228881836,0.010900000110268593,7,0.0820000022649765,-22.326000213623047,1,0.034699998795986176,74.4540023803711,4,0.1120000034570694
0k17h0D3J5VfsdmQ1iZtE9,Pink Floyd,Get Your Filthy Hands Off My Desert,The Final Cut,1yMenUMOx7BpfTDuVQs99y,1983-03-21,4HNZRr43gqpPjMuB6m1Ydf,0.8119999766349792,0.36399999260902405,1.2817666666666667,0.15199999511241913,0.0014100000262260437,7,0.0908999964594841,-20.788999557495117,1,0.08820000290870667,83.3270034790039,3,0.47999998927116394
0k17h0D3J5VfsdmQ1iZtE9,Pink Floyd,The Fletcher Memorial Home,The Final Cut,1yMenUMOx7BpfTDuVQs99y,1983-03-21,0L0HAZg6FGrBAS6QE7B1eI,0.6399999856948853,0.24799999594688416,4.157366666666666,0.30000001192092896,0.0005080000264570117,7,0.23100000619888306,-10.6899995803833,1,0.03889999911189079,173.36599731445312,4,0.051100000739097595
0k17h0D3J5VfsdmQ1iZtE9,Pink Floyd,Southampton Dock,The Final Cut,1yMenUMOx7BpfTDuVQs99y,1983-03-21,1e6P6S42qX7vFT0u14S5jm,0.6430000066757202,0.5680000185966492,2.2244333333333333,0.09040000289678574,0.03530000150203705,5,0.18700000643730164,-23.2810001373291,1,0.05389999970793724,110.15599822998047,4,0.17599999904632568
0k17h0D3J5VfsdmQ1iZtE9,Pink Floyd,The Final Cut,The Final Cut,1yMenUMOx7BpfTDuVQs99y,1983-03-21,5y1Uc72BAKxaleTEXpcJJq,0.7870000004768372,0.47099998593330383,4.7100333333333335,0.36500000953674316,0.0006600000197067857,5,0.11800000071525574,-9.831000328063965,1,0.032600000500679016,58.62799835205078,4,0.07819999754428864
0k17h0D3J5VfsdmQ1iZtE9,Pink Floyd,Not Now John,The Final Cut,1yMenUMOx7BpfTDuVQs99y,1983-03-21,6JwcYUAHQAwUXJWZ4S9c5V,0.18400000035762787,0.5139999985694885,5.020166666666666,0.8330000042915344,1.0700000530050602e-06,4,0.843999981880188,-7.882999897003174,0,0.04910000041127205,91.4800033569336,4,0.3190000057220459
0k17h0D3J5VfsdmQ1iZtE9,Pink Floyd,Two Suns in the Sunset,The Final Cut,1yMenUMOx7BpfTDuVQs99y,1983-03-21,3KvKMHMlRj30a7IjHXQVzu,0.18799999356269836,0.7149999737739563,5.257416666666667,0.2240000069141388,0.2240000069141388,2,0.24300000071525574,-15.595999717712402,1,0.03189999982714653,135.26600646972656,3,0.33000001311302185
0k17h0D3J5VfsdmQ1iZtE9,Pink Floyd,Signs of Life,A Momentary Lapse of Reason,4xODvcpjOOgu4oKWL0sCte,1987-09-08,5IuSQa3vuy5ZGw0ZxJ9z3a,0.10899999737739563,0.14000000059604645,4.3643,0.296999990940094,0.22200000286102295,8,0.08749999850988388,-20.56999969482422,0,0.11299999803304672,73.71199798583984,1,0.0551999993622303
0k17h0D3J5VfsdmQ1iZtE9,Pink Floyd,Learning to Fly,A Momentary Lapse of Reason,4xODvcpjOOgu4oKWL0sCte,1987-09-08,3ieDOGcOqVxScs2VZBzidt,0.25,0.4410000145435333,4.868,0.5600000023841858,0.029600000008940697,0,0.1509999930858612,-13.680999755859375,1,0.03610000014305115,166.5850067138672,4,0.47600001096725464
0k17h0D3J5VfsdmQ1iZtE9,Pink Floyd,The Dogs of War,A Momentary Lapse of Reason,4xODvcpjOOgu4oKWL0sCte,1987-09-08,4ggDbvTME5EAso1xfGX2M0,0.1720000058412552,0.23199999332427979,6.062016666666667,0.49399998784065247,1.1299999641778413e-05,5,0.8659999966621399,-12.38700008392334,1,0.05849999934434891,86.24299621582031,4,0.10999999940395355
0k17h0D3J5VfsdmQ1iZtE9,Pink Floyd,One Slip,A Momentary Lapse of Reason,4xODvcpjOOgu4oKWL0sCte,1987-09-08,3h31xJfV4OpCYKlzSpazLy,0.4169999957084656,0.5920000076293945,5.144433333333334,0.7080000042915344,0.013100000098347664,3,0.08060000091791153,-12.812999725341797,1,0.0471000000834465,117.31700134277344,4,0.3449999988079071
0k17h0D3J5VfsdmQ1iZtE9,Pink Floyd,On the Turning Away,A Momentary Lapse of Reason,4xODvcpjOOgu4oKWL0sCte,1987-09-08,7KA6U0WOHdGxWWLGPYN2Sb,0.36500000953674316,0.45100000500679016,5.69445,0.4020000100135803,0.0007459999760612845,7,0.07599999755620956,-12.135000228881836,1,0.02969999983906746,100.41100311279297,4,0.24400000274181366
0k17h0D3J5VfsdmQ1iZtE9,Pink Floyd,Yet Another Movie,A Momentary Lapse of Reason,4xODvcpjOOgu4oKWL0sCte,1987-09-08,7ymn3tJva1XgJOhB9Kj5q0,0.038600001484155655,0.34599998593330383,6.215133333333333,0.625,0.01209999993443489,7,0.1420000046491623,-11.920000076293945,1,0.048900000751018524,94.17400360107422,4,0.1889999955892563
0k17h0D3J5VfsdmQ1iZtE9,Pink Floyd,Round and Around,A Momentary Lapse of Reason,4xODvcpjOOgu4oKWL0sCte,1987-09-08,4GIq6ZUGqM8qRTJF1BOery,0.6660000085830688,0.42800000309944153,1.22175,0.2150000035762787,0.777999997138977,9,0.060499999672174454,-18.415000915527344,1,0.03280000016093254,160.5030059814453,5,0.5820000171661377
0k17h0D3J5VfsdmQ1iZtE9,Pink Floyd,"A New Machine, Pt. 1",A Momentary Lapse of Reason,4xODvcpjOOgu4oKWL0sCte,1987-09-08,6efrVSc5Dltp0PyFybNacG,0.8090000152587891,0.21299999952316284,1.76555,0.032999999821186066,0.00021699999342672527,10,0.10700000077486038,-20.56599998474121,1,0.0406000018119812,94.4520034790039,4,0.1120000034570694
0k17h0D3J5VfsdmQ1iZtE9,Pink Floyd,Terminal Frost,A Momentary Lapse of Reason,4xODvcpjOOgu4oKWL0sCte,1987-09-08,4hO2y5DRbeMppklIroS1O8,0.007689999882131815,0.3569999933242798,6.257333333333333,0.4129999876022339,0.39399999380111694,5,0.12999999523162842,-12.826000213623047,1,0.027300000190734863,172.72799682617188,4,0.0649000033736229
0k17h0D3J5VfsdmQ1iZtE9,Pink Floyd,"A New Machine, Pt. 2",A Momentary Lapse of Reason,4xODvcpjOOgu4oKWL0sCte,1987-09-08,1gqS8bomGckIqmfDbavdHD,0.640999972820282,0.28700000047683716,0.65015,0.06759999692440033,1.5699999494245276e-05,1,0.10100000351667404,-19.996000289916992,1,0.043699998408555984,55.4010009765625,4,0.07270000129938126
0k17h0D3J5VfsdmQ1iZtE9,Pink Floyd,Sorrow,A Momentary Lapse of Reason,4xODvcpjOOgu4oKWL0sCte,1987-09-08,0u90NnJ2p3Q2MIP9IaAsg5,0.17399999499320984,0.4620000123977661,8.745883333333333,0.6499999761581421,0.38600000739097595,9,0.07280000299215317,-12.541000366210938,1,0.03669999912381172,96.3030014038086,4,0.14900000393390656
0k17h0D3J5VfsdmQ1iZtE9,Pink Floyd,Cirrus Minor,More,6AccmjV8Q5cEUZ2tvS8s6c,1969-07-27,7s4oBJSqvvR1dulnoLanV2,0.8330000042915344,0.21699999272823334,5.288666666666667,0.2919999957084656,0.8199999928474426,2,0.07370000332593918,-17.05299949645996,1,0.18199999630451202,73.00900268554688,4,0.1770000010728836
0k17h0D3J5VfsdmQ1iZtE9,Pink Floyd,The Nile Song,More,6AccmjV8Q5cEUZ2tvS8s6c,1969-07-27,4YJ1sPlEa0nSUVzsLlZ7Zz,0.004559999797493219,0.13500000536441803,3.449333333333333,0.8349999785423279,0.00559999980032444,3,0.036400001496076584,-9.112000465393066,0,0.04960000142455101,182.61300659179688,4,0.26899999380111694
0k17h0D3J5VfsdmQ1iZtE9,Pink Floyd,Crying Song,More,6AccmjV8Q5cEUZ2tvS8s6c,1969-07-27,2mZreZ4DxJE1et4I7Zy9l7,0.9480000138282776,0.4350000023841858,3.5551166666666667,0.031199999153614044,0.007679999805986881,2,0.07289999723434448,-24.167999267578125,1,0.03680000081658363,124.01000213623047,4,0.15700000524520874
0k17h0D3J5VfsdmQ1iZtE9,Pink Floyd,Up the Khyber,More,6AccmjV8Q5cEUZ2tvS8s6c,1969-07-27,4LjC2yCKb8BmWCWX4xxzfJ,0.01860000006854534,0.3630000054836273,2.2131166666666666,0.6850000023841858,0.9390000104904175,11,0.08940000087022781,-15.364999771118164,0,0.05180000141263008,139.2429962158203,4,0.27300000190734863
0k17h0D3J5VfsdmQ1iZtE9,Pink Floyd,Green is the Colour,More,6AccmjV8Q5cEUZ2tvS8s6c,1969-07-27,7DDvRmOSP2Yx28CfL6W7aw,0.8069999814033508,0.503000020980835,2.9817833333333335,0.14800000190734863,0.7059999704360962,7,0.11900000274181366,-18.267000198364258,1,0.0348999984562397,74.86799621582031,4,0.5210000276565552
0k17h0D3J5VfsdmQ1iZtE9,Pink Floyd,Cymbaline,More,6AccmjV8Q5cEUZ2tvS8s6c,1969-07-27,6DtilR2YyfH1eAmxB7CseW,0.7409999966621399,0.35100001096725464,4.831333333333333,0.18400000035762787,0.005160000175237656,9,0.07000000029802322,-18.457000732421875,0,0.03280000016093254,77.2249984741211,4,0.19499999284744263
0k17h0D3J5VfsdmQ1iZtE9,Pink Floyd,Party Sequence,More,6AccmjV8Q5cEUZ2tvS8s6c,1969-07-27,0UNdgMQxCqUhw0Mcw89Vg3,0.9739999771118164,0.628000020980835,1.1493333333333333,0.4099999964237213,0.925000011920929,0,0.11999999731779099,-21.665000915527344,1,0.07109999656677246,131.13499450683594,4,0.5170000195503235
0k17h0D3J5VfsdmQ1iZtE9,Pink Floyd,Main Theme,More,6AccmjV8Q5cEUZ2tvS8s6c,1969-07-27,2BHA4gy0Of1rFtRblQVcik,0.8629999756813049,0.42899999022483826,5.440666666666667,0.4560000002384186,0.906000018119812,0,0.1550000011920929,-13.73799991607666,0,0.043800000101327896,135.6179962158203,4,0.1340000033378601
0k17h0D3J5VfsdmQ1iZtE9,Pink Floyd,Ibiza Bar,More,6AccmjV8Q5cEUZ2tvS8s6c,1969-07-27,0ng5q14OCwukb4W09AuuQv,0.0006430000066757202,0.10999999940395355,3.32155,0.765999972820282,0.8100000023841858,9,0.061500001698732376,-9.411999702453613,1,0.0608999989926815,180.43699645996094,4,0.3050000071525574
0k17h0D3J5VfsdmQ1iZtE9,Pink Floyd,More Blues,More,6AccmjV8Q5cEUZ2tvS8s6c,1969-07-27,4p1qtNoktFkDJy2oeXHmYi,0.25999999046325684,0.46700000762939453,2.2091166666666666,0.16300000250339508,0.7070000171661377,2,0.10999999940395355,-20.858999252319336,0,0.03909999877214432,145.80799865722656,3,0.1379999965429306
0k17h0D3J5VfsdmQ1iZtE9,Pink Floyd,Quicksilver,More,6AccmjV8Q5cEUZ2tvS8s6c,1969-07-27,1qjl9yDLL79nKVPGBf1akY,0.9599999785423279,0.1289999932050705,7.227333333333333,0.14399999380111694,0.3009999990463257,7,0.36000001430511475,-25.89699935913086,1,0.04610000178217888,146.1439971923828,4,0.029100000858306885
0k17h0D3J5VfsdmQ1iZtE9,Pink Floyd,A Spanish Piece,More,6AccmjV8Q5cEUZ2tvS8s6c,1969-07-27,4YYVPqAYayRTsU2luahbPd,0.7229999899864197,0.6970000267028809,1.088,0.1940000057220459,0.4090000092983246,5,0.07559999823570251,-20.992000579833984,1,0.0812000036239624,113.83599853515625,4,0.20499999821186066
0k17h0D3J5VfsdmQ1iZtE9,Pink Floyd,Dramatic Theme,More,6AccmjV8Q5cEUZ2tvS8s6c,1969-07-27,4572xNdecYYfXEke0hvbfz,0.20999999344348907,0.5080000162124634,2.2641666666666667,0.32600000500679016,0.4580000042915344,5,0.07800000160932541,-14.104000091552734,1,0.031599998474121094,113.20700073242188,4,0.22499999403953552
0k17h0D3J5VfsdmQ1iZtE9,Pink Floyd,Atom Heart Mother,Atom Heart Mother,2cUpAOlQjV5uSjkWj5bEQY,1970-10-05,1Pt7RPrjEQfzpPA9PS5aZj,0.7850000262260437,0.26600000262260437,23.690916666666666,0.2160000056028366,0.8849999904632568,9,0.08070000261068344,-16.000999450683594,0,0.0333000011742115,137.55799865722656,4,0.09189999848604202
0k17h0D3J5VfsdmQ1iZtE9,Pink Floyd,If,Atom Heart Mother,2cUpAOlQjV5uSjkWj5bEQY,1970-10-05,63brgJhrcNFW8ncUhM1mhG,0.9179999828338623,0.5120000243186951,4.512883333333333,0.10300000011920929,0.6370000243186951,6,0.1080000028014183,-21.981000900268555,0,0.029400000348687172,103.29399871826172,4,0.19200000166893005
0k17h0D3J5VfsdmQ1iZtE9,Pink Floyd,Summer '68,Atom Heart Mother,2cUpAOlQjV5uSjkWj5bEQY,1970-10-05,5MZALWjwQRX0RsZt31HlNP,0.4180000126361847,0.23100000619888306,5.482666666666667,0.42800000309944153,0.4880000054836273,2,0.09109999984502792,-10.62600040435791,1,0.027899999171495438,165.1719970703125,4,0.32600000500679016
0k17h0D3J5VfsdmQ1iZtE9,Pink Floyd,Fat Old Sun,Atom Heart Mother,2cUpAOlQjV5uSjkWj5bEQY,1970-10-05,5qlckstqDQ2RskL0SJsDYx,0.3529999852180481,0.36800000071525574,5.39555,0.20399999618530273,0.4399999976158142,0,0.8230000138282776,-15.777999877929688,1,0.03189999982714653,72.66699981689453,4,0.20000000298023224
0k17h0D3J5VfsdmQ1iZtE9,Pink Floyd,Alan's Psychedelic Breakfast,Atom Heart Mother,2cUpAOlQjV5uSjkWj5bEQY,1970-10-05,1oYeGnAbyODhUHO4jOMW9v,0.4390000104904175,0.3700000047683716,12.983133333333333,0.2720000147819519,0.33500000834465027,6,0.0494999997317791,-19.375999450683594,0,0.05889999866485596,144.8979949951172,4,0.1940000057220459
0k17h0D3J5VfsdmQ1iZtE9,Pink Floyd,Cluster One,The Division Bell,5F0IQXuHfTV7SBvZVnXERl,1994-01-01,0iJfN2CqrX7O8hkzgAMMAf,0.7670000195503235,0.22200000286102295,5.927233333333334,0.05550000071525574,0.9229999780654907,0,0.11800000071525574,-22.118000030517578,1,0.032099999487400055,98.94100189208984,4,0.032999999821186066
0k17h0D3J5VfsdmQ1iZtE9,Pink Floyd,What Do You Want from Me,The Division Bell,5F0IQXuHfTV7SBvZVnXERl,1994-01-01,3Tsh9pjiJ5cvmuiZALdgVz,0.11299999803304672,0.5149999856948853,4.359783333333334,0.5649999976158142,1.3500000022759195e-05,4,0.12200000137090683,-9.54699993133545,1,0.030400000512599945,104.37799835205078,4,0.37400001287460327
0k17h0D3J5VfsdmQ1iZtE9,Pink Floyd,Poles Apart,The Division Bell,5F0IQXuHfTV7SBvZVnXERl,1994-01-01,6uE9hF8fIb6shBXrrzA12U,0.30000001192092896,0.16200000047683716,7.051066666666666,0.41100001335144043,0.07750000059604645,7,0.6869999766349792,-11.333000183105469,1,0.034699998795986176,61.417999267578125,4,0.24699999392032623
0k17h0D3J5VfsdmQ1iZtE9,Pink Floyd,Marooned,The Division Bell,5F0IQXuHfTV7SBvZVnXERl,1994-01-01,6bIPHR8AJG5HAcn9oF21Ma,0.38600000739097595,0.41200000047683716,5.5064166666666665,0.3400000035762787,0.5740000009536743,7,0.11999999731779099,-14.836000442504883,1,0.029400000348687172,74.21199798583984,4,0.14399999380111694
0k17h0D3J5VfsdmQ1iZtE9,Pink Floyd,A Great Day for Freedom,The Division Bell,5F0IQXuHfTV7SBvZVnXERl,1994-01-01,2dxfyqdrI8XVOT3H1YcOsU,0.6259999871253967,0.3840000033378601,4.2831,0.3479999899864197,0.0012400000123307109,0,0.23600000143051147,-12.23900032043457,1,0.02930000051856041,84.31099700927734,3,0.2639999985694885
0k17h0D3J5VfsdmQ1iZtE9,Pink Floyd,Wearing the Inside Out,The Division Bell,5F0IQXuHfTV7SBvZVnXERl,1994-01-01,2GoeLsETNdx8lRoWW2aeNj,0.3070000112056732,0.6019999980926514,6.820916666666666,0.4259999990463257,0.046799998730421066,10,0.10400000214576721,-15.317000389099121,1,0.04039999842643738,122.39900207519531,4,0.3630000054836273
0k17h0D3J5VfsdmQ1iZtE9,Pink Floyd,Take It Back,The Division Bell,5F0IQXuHfTV7SBvZVnXERl,1994-01-01,325toqbCzE1g1pYIED7U4C,0.13300000131130219,0.4690000116825104,6.203766666666667,0.6019999980926514,0.006130000110715628,7,0.27300000190734863,-11.156000137329102,1,0.02889999933540821,112.427001953125,4,0.13099999725818634
0k17h0D3J5VfsdmQ1iZtE9,Pink Floyd,Coming Back to Life,The Division Bell,5F0IQXuHfTV7SBvZVnXERl,1994-01-01,1bQ4zbP8Fo0qAePTSOfYji,0.46399998664855957,0.28600001335144043,6.320683333333333,0.49900001287460327,0.0006820000126026571,0,0.10199999809265137,-11.095999717712402,1,0.04399999976158142,176.43699645996094,4,0.14499999582767487
0k17h0D3J5VfsdmQ1iZtE9,Pink Floyd,Keep Talking,The Division Bell,5F0IQXuHfTV7SBvZVnXERl,1994-01-01,0vI64OhYqTo6KYswDlx0yT,0.18799999356269836,0.4959999918937683,6.177783333333333,0.7710000276565552,0.009290000423789024,4,0.07880000025033951,-11.937999725341797,0,0.052799999713897705,100.2979965209961,4,0.23999999463558197
0k17h0D3J5VfsdmQ1iZtE9,Pink Floyd,Lost for Words,The Division Bell,5F0IQXuHfTV7SBvZVnXERl,1994-01-01,4Ev1LZ4uzjnSvDHpgdyBZK,0.12800000607967377,0.5989999771118164,5.24935,0.39899998903274536,0.0034199999645352364,0,0.7120000123977661,-14.013999938964844,1,0.024800000712275505,96.3270034790039,4,0.22200000286102295
0k17h0D3J5VfsdmQ1iZtE9,Pink Floyd,High Hopes,The Division Bell,5F0IQXuHfTV7SBvZVnXERl,1994-01-01,5a4MgIUSf9K8wXLSm6xPEx,0.20200000703334808,0.5199999809265137,8.516083333333333,0.41100001335144043,0.15299999713897705,0,0.35100001096725464,-12.53600025177002,0,0.02500000037252903,75.23500061035156,4,0.2800000011920929
0k17h0D3J5VfsdmQ1iZtE9,Pink Floyd,"Sysyphus, Pt. 1",Ummagumma,3IPhWIXHOAhS2npnq6FiCG,1969-10-25,4nvAMzXUzlVcfjLa7KxOe2,0.014399999752640724,0.09740000218153,1.1280333333333334,0.2809999883174896,0.9279999732971191,7,0.3370000123977661,-9.13700008392334,0,0.03889999911189079,84.16600036621094,5,0.289000004529953
0k17h0D3J5VfsdmQ1iZtE9,Pink Floyd,"Sysyphus, Pt. 2",Ummagumma,3IPhWIXHOAhS2npnq6FiCG,1969-10-25,6tjF3ty70qWIu4OIBzP75K,0.9710000157356262,0.19099999964237213,3.50045,0.6330000162124634,0.9160000085830688,9,0.1550000011920929,-14.164999961853027,0,0.03819999843835831,88.24800109863281,3,0.1599999964237213
0k17h0D3J5VfsdmQ1iZtE9,Pink Floyd,"Sysyphus, Pt. 3",Ummagumma,3IPhWIXHOAhS2npnq6FiCG,1969-10-25,4Fqevhw2LYckHoKJlNMWQp,0.5609999895095825,0.3720000088214874,1.8282166666666666,0.8399999737739563,0.6949999928474426,0,0.2639999985694885,-11.633000373840332,1,0.04439999908208847,88.97599792480469,4,0.1340000033378601
0k17h0D3J5VfsdmQ1iZtE9,Pink Floyd,"Sysyphus, Pt. 4",Ummagumma,3IPhWIXHOAhS2npnq6FiCG,1969-10-25,1PaiKdq5vIqoQ1OuQminON,0.7210000157356262,0.15000000596046448,6.99845,0.32499998807907104,0.5879999995231628,8,0.13600000739097595,-13.906000137329102,0,0.06549999862909317,137.06399536132812,4,0.06279999762773514
0k17h0D3J5VfsdmQ1iZtE9,Pink Floyd,Grantchester Meadows,Ummagumma,3IPhWIXHOAhS2npnq6FiCG,1969-10-25,2twOdZ7eEp1uyG2bzqlCz9,0.44600000977516174,0.4519999921321869,7.459116666666667,0.13600000739097595,0.1120000034570694,4,0.4480000138282776,-25.597000122070312,1,0.3709999918937683,118.29499816894531,4,0.44999998807907104
0k17h0D3J5VfsdmQ1iZtE9,Pink Floyd,Several Species of Small Furry Animals Gathered Together in a Cave and Grooving with a Pict,Ummagumma,3IPhWIXHOAhS2npnq6FiCG,1969-10-25,63M8OHzd0lcVT517Pnon81,0.7059999704360962,0.43299999833106995,4.977333333333333,0.6620000004768372,0.009619999676942825,7,0.4230000078678131,-18.180999755859375,1,0.890999972820282,82.39399719238281,4,0.1979999989271164
0k17h0D3J5VfsdmQ1iZtE9,Pink Floyd,"The Narrow Way, Pt. 1",Ummagumma,3IPhWIXHOAhS2npnq6FiCG,1969-10-25,1yZqNn4TSQ9cpdahcFXfwI,0.6470000147819519,0.4000000059604645,3.4764666666666666,0.33500000834465027,0.7789999842643738,7,0.8130000233650208,-12.994999885559082,1,0.03370000049471855,169.04100036621094,4,0.12300000339746475
0k17h0D3J5VfsdmQ1iZtE9,Pink Floyd,"The Narrow Way, Pt. 2",Ummagumma,3IPhWIXHOAhS2npnq6FiCG,1969-10-25,1OJP1r3sh6yVwMOYZFG4vk,0.9330000281333923,0.22499999403953552,2.8875333333333333,0.8989999890327454,0.7919999957084656,11,0.6880000233650208,-10.005000114440918,1,0.15800000727176666,100.77899932861328,3,0.2160000056028366
0k17h0D3J5VfsdmQ1iZtE9,Pink Floyd,"The Narrow Way, Pt. 3",Ummagumma,3IPhWIXHOAhS2npnq6FiCG,1969-10-25,6n8xwCfq8u2AmbZWVG6Lyv,0.026200000196695328,0.35199999809265137,5.961783333333333,0.4449999928474426,0.0272000003606081,9,0.10300000011920929,-10.64799976348877,1,0.031099999323487282,129.50900268554688,4,0.04259999841451645
0k17h0D3J5VfsdmQ1iZtE9,Pink Floyd,"The Grand Vizier's Garden Party, Pt. 1 (Entrance)",Ummagumma,3IPhWIXHOAhS2npnq6FiCG,1969-10-25,28YzSSMbcwjtj5OsN0w2hE,0.9890000224113464,0.2240000069141388,0.9928833333333333,0.22699999809265137,0.8019999861717224,7,0.11999999731779099,-16.285999298095703,1,0.051100000739097595,82.69100189208984,5,0.35899999737739563
0k17h0D3J5VfsdmQ1iZtE9,Pink Floyd,"The Grand Vizier's Garden Party, Pt. 2 (Entertainment)",Ummagumma,3IPhWIXHOAhS2npnq6FiCG,1969-10-25,6dHuA6rCZDWm17Rv1hyZBT,0.6320000290870667,0.3700000047683716,7.099116666666666,0.23499999940395355,0.48399999737739563,2,0.16099999845027924,-18.40399932861328,1,0.17399999499320984,77.86499786376953,4,0.1550000011920929
0k17h0D3J5VfsdmQ1iZtE9,Pink Floyd,"The Grand Vizier's Garden Party, Pt. 3 (Exit)",Ummagumma,3IPhWIXHOAhS2npnq6FiCG,1969-10-25,4Dk7ln90TotTGBCXpZYJEX,0.9950000047683716,0.20200000703334808,0.663,0.13899999856948853,0.3269999921321869,7,0.1679999977350235,-22.08799934387207,1,0.05530000105500221,89.04499816894531,3,0.1420000046491623
